"new_filename","split","scene_slug","original_scene","condition","background","distance","lighting","camera_angle","is_negative","object_count","source_sha256"
"angled_gray_001.jpg","train","angled_gray","斜拍灰色地面","angled","gray","mixed","normal","angled","0","3","EC44F492B237ED9E1BB19F55049F94725A19ADA8FD9E794F7E29CE05211DB340"
"angled_gray_005.jpg","train","angled_gray","斜拍灰色地面","angled","gray","mixed","normal","angled","0","3","84627AD7E6659B6A0E5C410362DE4A95215A641D3EF91E2376B295C8D9FB6672"
"angled_gray_006.jpg","train","angled_gray","斜拍灰色地面","angled","gray","mixed","normal","angled","0","3","52EA1CC3B79C399BDAAC741BF27FE90278A2BD0BE820CD238C04E24DFB312CA8"
"angled_gray_007.jpg","train","angled_gray","斜拍灰色地面","angled","gray","mixed","normal","angled","0","3","BF73E5CD9F92907FA474F322C67CA4C1EEDD29B35CF88FE39C17E404952FD437"
"angled_gray_008.jpg","train","angled_gray","斜拍灰色地面","angled","gray","mixed","normal","angled","0","3","B5132DCE8017E1691524EAD24453D3A1B63E96B7E0D63849CE806A18D0D9FBE0"
"angled_gray_009.jpg","train","angled_gray","斜拍灰色地面","angled","gray","mixed","normal","angled","0","3","9A05B8A74A6A25D66023BA2AEA1370382244E7360693B10DAD6931269B762F4E"
"angled_gray_010.jpg","train","angled_gray","斜拍灰色地面","angled","gray","mixed","normal","angled","0","3","5BCD7167CCABCF6A96A8C296BA7F759F07C78BB62B9F8EE7B6A898F6CD051973"
"angled_gray_011.jpg","train","angled_gray","斜拍灰色地面","angled","gray","mixed","normal","angled","0","3","899E3F79037ABBF68E3B2ED0754B6C63D191807F3B708D054231E8434C772B19"
"angled_gray_012.jpg","train","angled_gray","斜拍灰色地面","angled","gray","mixed","normal","angled","0","3","422AC4C7F6A933839F3329B5EC41E07A56673419D98E360E95DFE389AEB26F35"
"angled_white_001.jpg","train","angled_white","斜拍白色背景","angled","white","mixed","normal","angled","0","3","CD052285C22C505C8E8209356B6D4C0528E957ACFEF2B8751EF9F8705ABA2FF1"
"angled_white_002.jpg","train","angled_white","斜拍白色背景","angled","white","mixed","normal","angled","0","3","C6F4A2D5A0402452356A3EA2991F41C0EAFFF43AAC85AC25F4CF533BAD8A3508"
"angled_white_003.jpg","train","angled_white","斜拍白色背景","angled","white","mixed","normal","angled","0","3","01E0061169B911EAF58F8B3C387BE2E637C1F6EF1292E3C8C12C02266A62F2CD"
"angled_white_009.jpg","train","angled_white","斜拍白色背景","angled","white","mixed","normal","angled","0","2","6B1E0305654A1A41E33AD335AB0D350BD205DF693A3E231BEFF912DF16D66DF8"
"angled_white_010.jpg","train","angled_white","斜拍白色背景","angled","white","mixed","normal","angled","0","3","8D060FBA0A2BEAFCD9750E7902BB3F42EF96698292E53B956D4382CA4560125B"
"angled_white_011.jpg","train","angled_white","斜拍白色背景","angled","white","mixed","normal","angled","0","3","2D332B9864F4395F44AA8C040E1FE67F8E56A1CB69C3A814C64D6C25EF02E2A8"
"angled_white_012.jpg","train","angled_white","斜拍白色背景","angled","white","mixed","normal","angled","0","3","946AFBFFC06C57C5360BE94A05ED0D8F35F88712B2A4018F3F92BAD43869B830"
"angled_white_013.jpg","train","angled_white","斜拍白色背景","angled","white","mixed","normal","angled","0","2","0E7554EAD1B16C3AE927067DCC2D8D912AB06988020786BBE240E995E86A775F"
"angled_white_014.jpg","train","angled_white","斜拍白色背景","angled","white","mixed","normal","angled","0","2","42A33E276A31676DAA0BB39631D6AA35A9F7107C72A55C2E4629954D78EFD260"
"angled_white_015.jpg","train","angled_white","斜拍白色背景","angled","white","mixed","normal","angled","0","3","F521751B0E7BAC8921F1C8DB967A2F3557334EA3440F0E78E92A821028A1641E"
"angled_white_016.jpg","train","angled_white","斜拍白色背景","angled","white","mixed","normal","angled","0","2","48C291B906034935E99962B3D5F40769CD61D762A14ABD300FA99358C1B6DDFC"
"angled_white_017.jpg","train","angled_white","斜拍白色背景","angled","white","mixed","normal","angled","0","3","1EF7DAE53B4F3C7FFA61F8FB0A7CD2FC2E797EABC8174B337678072E7C48F1E5"
"angled_white_018.jpg","train","angled_white","斜拍白色背景","angled","white","mixed","normal","angled","0","2","18C10F82713005CE724C28D7DB2B48E9C30686FD62F2D7AA8C418A68B8F80BDF"
"angled_white_019.jpg","train","angled_white","斜拍白色背景","angled","white","mixed","normal","angled","0","3","56DE9E713113D212FB29F9AB1C1F2602B0262001CEB67B6A233091043059B4D0"
"angled_white_020.jpg","train","angled_white","斜拍白色背景","angled","white","mixed","normal","angled","0","2","355C9501A4B3903EB4C79CB9A965F97F1379B1995757B7230C94007646D5737E"
"angled_white_021.jpg","train","angled_white","斜拍白色背景","angled","white","mixed","normal","angled","0","3","58F7FC3C1E01DC2531D0FBDED6BE50081E4560EEC849BEC2C888E94B63B4FC9D"
"angled_white_022.jpg","train","angled_white","斜拍白色背景","angled","white","mixed","normal","angled","0","1","72DDE55B2772DA8FD672D4AF61CEC309DEBDFEE82FCB3E404471BDA7F2F66596"
"angled_white_023.jpg","train","angled_white","斜拍白色背景","angled","white","mixed","normal","angled","0","3","FE2C5BA5784D94956D92B0B6BEED39D80B65A5958D088B3CCB03420305AFAD70"
"angled_white_024.jpg","train","angled_white","斜拍白色背景","angled","white","mixed","normal","angled","0","3","B93905CF50E67E06D0B24CB490E7E612F5B1700C6B6AC1CBC7D1A989B0E8341B"
"angled_white_025.jpg","train","angled_white","斜拍白色背景","angled","white","mixed","normal","angled","0","3","4B162CF3103F5243C4796DFCFFF27E6241BA59231E42B6734255A4E4E90431A4"
"angled_wood_001.jpg","train","angled_wood","斜拍木质桌面","angled","wood","mixed","normal","angled","0","2","BC5536AEEF2E507AE3BF75EE5472033C6A556D707EB07A1E353E8990076B069C"
"angled_wood_002.jpg","train","angled_wood","斜拍木质桌面","angled","wood","mixed","normal","angled","0","3","A405AE018387457A7805DAC5BBBD0E57E57445CE92EF95F6DEE0E250B2EFD9DE"
"angled_wood_003.jpg","train","angled_wood","斜拍木质桌面","angled","wood","mixed","normal","angled","0","3","9A52BE9D235213F4E8DADA25464B1DF4FBBEC9C2408CBE009F9EDBF8AE45FD53"
"angled_wood_004.jpg","train","angled_wood","斜拍木质桌面","angled","wood","mixed","normal","angled","0","3","448C00152038AB1B8D6ED10E8B4085D7712FE2D1DA21292B5C12727DFF9189FD"
"angled_wood_005.jpg","train","angled_wood","斜拍木质桌面","angled","wood","mixed","normal","angled","0","3","E97E4526781258391BB25320093067B6D20821D25CD7AC139D33B94746DA66DA"
"angled_wood_006.jpg","train","angled_wood","斜拍木质桌面","angled","wood","mixed","normal","angled","0","3","CAAAACE9C1C3D599A8ABFDDFBF381641ED6B0C9C37F763D36AC864CDA05FA8BC"
"angled_wood_007.jpg","train","angled_wood","斜拍木质桌面","angled","wood","mixed","normal","angled","0","3","439F53EDEBAA199140BB3F79A5F41149D5FB8DBC75BAA2A40073F533409B2957"
"angled_wood_008.jpg","train","angled_wood","斜拍木质桌面","angled","wood","mixed","normal","angled","0","3","6105AC5942AB1F248B39E4E5EF3B18ED715282F7F467C8BF2D471CAF387532DB"
"angled_wood_009.jpg","train","angled_wood","斜拍木质桌面","angled","wood","mixed","normal","angled","0","2","2FD07B4744F04E175472D52C6CACB6FA7ACC064860A4E971E76C489AD96C6150"
"angled_wood_010.jpg","train","angled_wood","斜拍木质桌面","angled","wood","mixed","normal","angled","0","3","4D49027363936DF0CD7836646E7EBE1D7A4F19859032FED5F3BA1209CA2FEF7B"
"angled_wood_011.jpg","train","angled_wood","斜拍木质桌面","angled","wood","mixed","normal","angled","0","3","14200759ECCEE87B065BE82434D67B0E97A5F5B9327627068F3EB534B8C50A80"
"angled_wood_012.jpg","train","angled_wood","斜拍木质桌面","angled","wood","mixed","normal","angled","0","3","DD2654B59E9FEE04AAF2325CB131FFE472ED79D640856286E7B7EEB11DBE082D"
"angled_wood_017.jpg","train","angled_wood","斜拍木质桌面","angled","wood","mixed","normal","angled","0","1","D27FD513BFBBE4DA8051D95F4DD341112F7794EF8DBB1AD1DEDFD7BBC4EA975F"
"angled_wood_018.jpg","train","angled_wood","斜拍木质桌面","angled","wood","mixed","normal","angled","0","2","FA69A906153E7E1E8C417EDAD1853924AB6989C5E203FDFD16A7B30ED52428BC"
"complex_005.jpg","train","complex","复杂情况","complex","mixed","mixed","mixed","mixed","0","3","F0F9AC455C4621236E284D78224F1CAF20609B23F7229816C9103D3A1995F75B"
"complex_006.jpg","train","complex","复杂情况","complex","mixed","mixed","mixed","mixed","0","3","FDD51C5A094762456405617B0AD6251395584188440C9F63EA2779533674FC7A"
"complex_007.jpg","train","complex","复杂情况","complex","mixed","mixed","mixed","mixed","0","3","43BD9966B7E68C98EFBE6B89C8AED8315D75C426152A863D35A48FF12604031A"
"complex_008.jpg","train","complex","复杂情况","complex","mixed","mixed","mixed","mixed","0","3","E54FF8AB0EE9BDB55EFE1F62455FC235C5410FE022DE7156DE2861745B44EE00"
"complex_009.jpg","train","complex","复杂情况","complex","mixed","mixed","mixed","mixed","0","3","BA1307B24CFF84EFB0AB8A205A7DB97204AECE8654EAFBEB033A93A7C0726ED6"
"complex_010.jpg","train","complex","复杂情况","complex","mixed","mixed","mixed","mixed","0","3","FF456C3629A9907539A5134FA0ABC6E3DBA3F49DE4350DB0CA49127A8257337E"
"complex_011.jpg","train","complex","复杂情况","complex","mixed","mixed","mixed","mixed","0","3","7576E31C7DD9CF8470A2F399B482BEF525F5FDDC10F9DF67B7DCA4AC7382EF45"
"complex_012.jpg","train","complex","复杂情况","complex","mixed","mixed","mixed","mixed","0","3","A57075C686CC213E4847E331474D08C9E6767E4684B26A105E8E0F016CD89E33"
"complex_013.jpg","train","complex","复杂情况","complex","mixed","mixed","mixed","mixed","0","3","B8F416C64B519F0394647644A554D65DE0E63F625DAB9B211D44D5C0E8160D7A"
"complex_014.jpg","train","complex","复杂情况","complex","mixed","mixed","mixed","mixed","0","3","639BB47140F03C545EB446AD855845774E727D23EC4366E9C7C0AC7C15D0291C"
"complex_015.jpg","train","complex","复杂情况","complex","mixed","mixed","mixed","mixed","0","3","6389E8C61E60D91DEEF584FDE7C3BF117BB1405BF913C90029C66E31E216F17B"
"complex_016.jpg","train","complex","复杂情况","complex","mixed","mixed","mixed","mixed","0","3","FCDDB02FDB2BCAF821A8CDE5AC2DCF1898362AD4B50D96A1BD4FC0AE815B1636"
"complex_017.jpg","train","complex","复杂情况","complex","mixed","mixed","mixed","mixed","0","3","2DA4BF51F02A0CB0E8E20E69F837AABE3D90FCC1562872FACF07C5AC1F598F8B"
"complex_018.jpg","train","complex","复杂情况","complex","mixed","mixed","mixed","mixed","0","3","0F925754FDE4FB67C4446782261A11C1CC51D43966CDDE261671A472FBCB65A7"
"complex_019.jpg","train","complex","复杂情况","complex","mixed","mixed","mixed","mixed","0","3","5D83ADE75B70ACE2A8BD21BB73E76985DAA39BAC88148ADF710DE043FE69BF23"
"complex_020.jpg","train","complex","复杂情况","complex","mixed","mixed","mixed","mixed","0","3","25A4F8D7F4864FAE1934EAC2091B101D9411DCC5DE46D77CD695281D6AEC405E"
"complex_021.jpg","train","complex","复杂情况","complex","mixed","mixed","mixed","mixed","0","3","D0594AA0AB72CF029BFDB899B605082BA9A8C98874A578B70E9C6893D8F0BC99"
"far_gray_001.jpg","train","far_gray","远距离灰色地面","far","gray","far","normal","overhead","0","3","7782263292D1ADBFECE0AC60B02786809905783BE34CF234FE1DB7AE09F6DC79"
"far_gray_002.jpg","train","far_gray","远距离灰色地面","far","gray","far","normal","overhead","0","2","6979AE73AF86347B70F3EDB76543A85B811C6E58B2BC73A239F5281B0BF3F56B"
"far_gray_003.jpg","train","far_gray","远距离灰色地面","far","gray","far","normal","overhead","0","1","6522EE8FB208A5C96471268651C8E066947AE67109A501F51E51CF42513EFBB2"
"far_gray_004.jpg","train","far_gray","远距离灰色地面","far","gray","far","normal","overhead","0","2","1E0B0C98BD666DC059E6AE44093EBA68C3E3D21BDC70DC66DF23D196CE0CE345"
"far_gray_005.jpg","train","far_gray","远距离灰色地面","far","gray","far","normal","overhead","0","1","6B38388AA94546A59543F4A4CF11CF9814D3D4B25FD21F4E98D47F5F4D1C29AB"
"far_gray_006.jpg","train","far_gray","远距离灰色地面","far","gray","far","normal","overhead","0","3","89507689E2D8676549192E6010EAB85204348D089E3B8DEC456A70A30B9EA178"
"far_gray_011.jpg","train","far_gray","远距离灰色地面","far","gray","far","normal","overhead","0","3","155C98D5A5C7230A98F918251839E33A31370A273BE5FA99A5E3A038268FB9B6"
"far_gray_012.jpg","train","far_gray","远距离灰色地面","far","gray","far","normal","overhead","0","3","A1AFB2FFA388922A975DA9FFD0D52DFAE34B0EB9B6F4133418B335FD0F01F06C"
"far_gray_013.jpg","train","far_gray","远距离灰色地面","far","gray","far","normal","overhead","0","3","4A3BD52F15B568CB0FDB1517C0594E2B5C759801BB5C9A4A95679427F35A3832"
"far_gray_014.jpg","train","far_gray","远距离灰色地面","far","gray","far","normal","overhead","0","3","CDA97C9EC56429754F6DD7133E7F2A2050A7F99023360BA11F6CC94B734718FE"
"far_gray_015.jpg","train","far_gray","远距离灰色地面","far","gray","far","normal","overhead","0","3","CE8C8F829D6B1D7BBEA500C1C52A7D43A31F5354541E56B9ADF44F05EC9818D8"
"far_gray_016.jpg","train","far_gray","远距离灰色地面","far","gray","far","normal","overhead","0","3","99A267A44D4BBBAFC27B6836B56E72435ACF9DC974F8AA672F31F3BBDA89A697"
"far_gray_017.jpg","train","far_gray","远距离灰色地面","far","gray","far","normal","overhead","0","2","8172B14A7653FAA0AB786B17FA37A2653ED8ECF29BE8798FFF717EBB5DDF37B8"
"far_gray_018.jpg","train","far_gray","远距离灰色地面","far","gray","far","normal","overhead","0","3","99BBAED3406E793E78887B2D63CEEFC4F2F6F870B88DF8735DEF68A641A14237"
"far_gray_019.jpg","train","far_gray","远距离灰色地面","far","gray","far","normal","overhead","0","3","32BA6E303BDCE336EF20D4776035909A6F93CD0899D2DC27FAD875E097228232"
"far_gray_020.jpg","train","far_gray","远距离灰色地面","far","gray","far","normal","overhead","0","1","38585A1C544D21295990DE9D5CE52E5305624438B857C9B43560786FD8D790F6"
"far_gray_021.jpg","train","far_gray","远距离灰色地面","far","gray","far","normal","overhead","0","2","B07CF2BCA532F4A0354B010CAA43F9D2C1B65F0A5AC25C00B23DFA82BAD8B3AD"
"far_gray_022.jpg","train","far_gray","远距离灰色地面","far","gray","far","normal","overhead","0","3","9FAB0F3C4AA8B194B89BDDAB77D8695FC3200A514AAFB48C40AD99C4EB24446D"
"far_white_001.jpg","train","far_white","远距离白色背景","far","white","far","normal","overhead","0","3","CBE54FF1A83DC760F4224ABF3FB2928494B8648E1CEE49BA75D69C95E7A73001"
"far_white_002.jpg","train","far_white","远距离白色背景","far","white","far","normal","overhead","0","3","700966D2F54C2AADFB31894CB524A269C28580FB786CDA3D27E9D33D35824339"
"far_white_003.jpg","train","far_white","远距离白色背景","far","white","far","normal","overhead","0","3","40E01E3F5DD8898F560F1BAA62087DE1BBEE471F429ED95DCA3E93C541BA8424"
"far_white_004.jpg","train","far_white","远距离白色背景","far","white","far","normal","overhead","0","3","9971ABDEB3B25ABEC440907D8765E4819496A838AAD16C8A339215FD2691CE56"
"far_white_005.jpg","train","far_white","远距离白色背景","far","white","far","normal","overhead","0","3","7BA048854F57AE53850080DF7A8F8793C4B3273B5ECE3299F88D17E317ED1D1E"
"far_white_006.jpg","train","far_white","远距离白色背景","far","white","far","normal","overhead","0","3","D2406E1D0B5FD9839B5D29C7B6654859D3DA8B367F2EDE18CD2694EFAD2730EA"
"far_white_011.jpg","train","far_white","远距离白色背景","far","white","far","normal","overhead","0","3","CA38D945DDB32B61E0F488E80BADF97DA31811041753F7378EBC45D516550865"
"far_white_012.jpg","train","far_white","远距离白色背景","far","white","far","normal","overhead","0","3","AE964200AD0DD83E7894DEF69F3F7C80737CAAC83F5992FE475839C9CD1029E8"
"far_white_013.jpg","train","far_white","远距离白色背景","far","white","far","normal","overhead","0","3","B78A5A9F1A138AB2270D14C2044867B289D2630BFC1F7E4A27C7590493FB2F36"
"far_white_014.jpg","train","far_white","远距离白色背景","far","white","far","normal","overhead","0","3","286C7859D04F5BECFD16164D094A3E3E69052B7E9E81B4A5D1B51C188C96160B"
"far_white_015.jpg","train","far_white","远距离白色背景","far","white","far","normal","overhead","0","3","2C7FF033A2EEFE137ABC8F94D3C40146B51C9256BEA25A5A18A6C4FBBD8FC69F"
"far_white_016.jpg","train","far_white","远距离白色背景","far","white","far","normal","overhead","0","3","BD4D6D5B508F7631E89ECB108DF312D4925C825820720BF780733AD0BECC0AB0"
"far_white_017.jpg","train","far_white","远距离白色背景","far","white","far","normal","overhead","0","3","B7BDCF4810FC64AC5D190585B4E7B0327AE2529E5CEB2D6A8C3EE3429689F23D"
"far_white_018.jpg","train","far_white","远距离白色背景","far","white","far","normal","overhead","0","2","4C73DFCF428F343BC657E53B19687A49289C57B45CA4386EFF63164C678F04CE"
"far_white_019.jpg","train","far_white","远距离白色背景","far","white","far","normal","overhead","0","1","46A24D5157F2C569B64CD49B76575426A0ED6492381FEA051F114291B6470411"
"far_white_020.jpg","train","far_white","远距离白色背景","far","white","far","normal","overhead","0","2","C26B57DC50770B938F5AAC3D7B6018C89A009309D8D89C30C424423451A587E6"
"far_white_021.jpg","train","far_white","远距离白色背景","far","white","far","normal","overhead","0","3","C23D5CDED9C08FEA06914E3217139FB812F01F49D55B8173097284536B8A0AB5"
"far_wood_001.jpg","train","far_wood","远距离木质桌面","far","wood","far","normal","overhead","0","3","5C794DFD26556018D6685F19FF5F8D659309525C3262B6C731C9FE22C974E261"
"far_wood_002.jpg","train","far_wood","远距离木质桌面","far","wood","far","normal","overhead","0","3","37DF3E340CFEC890D64F3C5B4E2FCA7D90F39C1904E8966A11C4702CB061E860"
"far_wood_003.jpg","train","far_wood","远距离木质桌面","far","wood","far","normal","overhead","0","3","C0317397CAB1F329E0F95FDB3FF460B8367FB7CE6EBBDA1E611D8B46AFFC5399"
"far_wood_004.jpg","train","far_wood","远距离木质桌面","far","wood","far","normal","overhead","0","3","0236E7549F2A360B5D6F66E247BB5F976398F52F614614C08B1C9F9A7030961C"
"far_wood_005.jpg","train","far_wood","远距离木质桌面","far","wood","far","normal","overhead","0","3","E0243B323C8A65407FD128FE9269E5CAC677A2BF7360547DC516C5EC089FD737"
"far_wood_006.jpg","train","far_wood","远距离木质桌面","far","wood","far","normal","overhead","0","3","6441F198CCA9E97C73B97A1479D97F915F5C051323AE5E23B22B100368AF3E1C"
"far_wood_007.jpg","train","far_wood","远距离木质桌面","far","wood","far","normal","overhead","0","2","D3FDFC7AE9E3C24AC802FC60F2EF0EFE103B7943126FBA21F9D5002741CDAD29"
"far_wood_008.jpg","train","far_wood","远距离木质桌面","far","wood","far","normal","overhead","0","1","9730574445DADB99763CA9DA2B31552FE618BA5997F817A5749561769DF21BAF"
"far_wood_009.jpg","train","far_wood","远距离木质桌面","far","wood","far","normal","overhead","0","3","8F331E1A608268D2CE6A5347A900B43E52438E60CB0E11F0C531040EAB6EC0B4"
"far_wood_010.jpg","train","far_wood","远距离木质桌面","far","wood","far","normal","overhead","0","2","F123818D5189C2EFF31B3B1F211FA81853ECB7E85FEDF426E2CCDBE94D331569"
"far_wood_011.jpg","train","far_wood","远距离木质桌面","far","wood","far","normal","overhead","0","1","0D25746A71F80A8FD89BA25D837422B4DE1D2971D497C3FA65551263C4534DBF"
"far_wood_012.jpg","train","far_wood","远距离木质桌面","far","wood","far","normal","overhead","0","3","435FA3EAD7854E3E8FE6853704548001910C6143E54108A7635DAB8E91EEDFE3"
"far_wood_017.jpg","train","far_wood","远距离木质桌面","far","wood","far","normal","overhead","0","3","E8BF6326E4C6EBF36CA336297463BB571DA098E06793BF920AEEB9BD7CC73177"
"far_wood_018.jpg","train","far_wood","远距离木质桌面","far","wood","far","normal","overhead","0","2","8CF356D254C6FB7883591DB14131FDD07796AF615EFAAA584201B9264E720423"
"far_wood_019.jpg","train","far_wood","远距离木质桌面","far","wood","far","normal","overhead","0","1","67454ECF7BFCCD71E73FECEC1043514F280CBEAC4D6F3E717CEBEA5ECE8CDCE0"
"far_wood_020.jpg","train","far_wood","远距离木质桌面","far","wood","far","normal","overhead","0","2","BFA14F7E8DBD4191E1AFB8DE31FDD8E53B64BEA7FDC77A9841CE3D3EB9FE40BA"
"far_wood_021.jpg","train","far_wood","远距离木质桌面","far","wood","far","normal","overhead","0","2","C54185FF6F49E351B3A981BA3CE4E6D19FD3BBAB9C706948C2AF327BC35F0B58"
"far_wood_022.jpg","train","far_wood","远距离木质桌面","far","wood","far","normal","overhead","0","1","731644BE6ADDAEB6802EA17B5D972B9B8B60087C2EBCC16DE0CCD148D2453725"
"highlight_gray_001.jpg","train","highlight_gray","高光灰色地面","highlight","gray","mixed","highlight","overhead","0","3","1E2F7B3BC11DBBDBFF290F41A45121B88C8045214B352C73AA9767C8E5FBD60E"
"highlight_gray_002.jpg","train","highlight_gray","高光灰色地面","highlight","gray","mixed","highlight","overhead","0","3","95D7F64BE521629ABE34B692E59BC01FC57FABDEDA23B11EF74B772559F0531E"
"highlight_gray_003.jpg","train","highlight_gray","高光灰色地面","highlight","gray","mixed","highlight","overhead","0","3","E0E68E79FAF0F660E48124D43A38A16DF2B1BBCBB2E9DBD8103D2B4FB8EAE611"
"highlight_gray_004.jpg","train","highlight_gray","高光灰色地面","highlight","gray","mixed","highlight","overhead","0","2","723035F69844D1F0A5CA6B0764D74F96B42244462F98070F433106FE5C0ABD75"
"highlight_gray_005.jpg","train","highlight_gray","高光灰色地面","highlight","gray","mixed","highlight","overhead","0","3","98C1509308F54C66315513C4D888E249C04C29D0EA556809BB6147175793BA60"
"highlight_gray_006.jpg","train","highlight_gray","高光灰色地面","highlight","gray","mixed","highlight","overhead","0","2","071BC8C6D2F4C0C88C12827C5271D32D474E8CDD68A56894D081408018EE017C"
"highlight_gray_010.jpg","train","highlight_gray","高光灰色地面","highlight","gray","mixed","highlight","overhead","0","3","2716FA6A3FE3EB175398518DB7693649507B584996ED444CAE1297C1E0330146"
"highlight_gray_011.jpg","train","highlight_gray","高光灰色地面","highlight","gray","mixed","highlight","overhead","0","3","A256AAD3DC8C18B61073FC137E94D00C729B03A6D706AEAFE23A7F04CBF31F4A"
"highlight_gray_012.jpg","train","highlight_gray","高光灰色地面","highlight","gray","mixed","highlight","overhead","0","3","A3DA7D876A57FA3990B16236E0008EEE5B4796F6DECF94F532D255B05192BA9F"
"highlight_gray_013.jpg","train","highlight_gray","高光灰色地面","highlight","gray","mixed","highlight","overhead","0","3","4262831A6B408EB437747D4F3E770B350445A6FED69287ED382EB1AA1A04431B"
"highlight_gray_014.jpg","train","highlight_gray","高光灰色地面","highlight","gray","mixed","highlight","overhead","0","3","F2686DF3A198174252C54E006C49BD0683D1C84C4A0D1206B736BDE3E3CBB8C2"
"highlight_gray_015.jpg","train","highlight_gray","高光灰色地面","highlight","gray","mixed","highlight","overhead","0","3","2DAF6B6DA7F6C5188163F15F87D386C172C4A78638591F263BF66FCBE9C19DF2"
"highlight_gray_016.jpg","train","highlight_gray","高光灰色地面","highlight","gray","mixed","highlight","overhead","0","1","FB417B6E75F995F7BE90720728BB3971720BF07FAAB36D9FDFEFF73A6E48BCC9"
"highlight_white_001.jpg","train","highlight_white","高光白色背景","highlight","white","mixed","highlight","overhead","0","3","7C4D41D7935B3F75CCEE80161A96ABCB539E26936C5F8FC6FB4A550D1570066A"
"highlight_white_002.jpg","train","highlight_white","高光白色背景","highlight","white","mixed","highlight","overhead","0","3","8A9FA314D94F7E7DAF8313E32EEA42675C41D718A1F970E6145C3A809A78A9D2"
"highlight_white_003.jpg","train","highlight_white","高光白色背景","highlight","white","mixed","highlight","overhead","0","3","96A7CD12C8B45D7A8E083C5FE6DC352F7AFED71AA983702893A0B096E42E40DA"
"highlight_white_004.jpg","train","highlight_white","高光白色背景","highlight","white","mixed","highlight","overhead","0","3","293A5C835CC7193ACF49343933C5F7031FDEDD7CAC8BD6363BC1B74CFC3B9C2D"
"highlight_white_005.jpg","train","highlight_white","高光白色背景","highlight","white","mixed","highlight","overhead","0","2","92F12717B1B2D02E3B5E13ADA477DE7793FBBF4E8FCC23CBED94A0DAAA6E601A"
"highlight_white_006.jpg","train","highlight_white","高光白色背景","highlight","white","mixed","highlight","overhead","0","2","5CD025B6F672A329217B3D749B4D7016A461C5453E179D0BE49EE26B10E050B7"
"highlight_white_007.jpg","train","highlight_white","高光白色背景","highlight","white","mixed","highlight","overhead","0","1","5C8BE94FD3DEB54DB7308EF4F4272481BDFB52363DAD941523715D1B734E3E4C"
"highlight_white_011.jpg","train","highlight_white","高光白色背景","highlight","white","mixed","highlight","overhead","0","3","AC97E1FE2389B79805321E961764B1FB434E437DF7BE051FA505BF0A027E542D"
"highlight_white_012.jpg","train","highlight_white","高光白色背景","highlight","white","mixed","highlight","overhead","0","2","28BBB4632B20153468E53B0137718023209A8B505CCB4B0D0D00B38F1015E6DF"
"highlight_white_013.jpg","train","highlight_white","高光白色背景","highlight","white","mixed","highlight","overhead","0","1","318DF54EF05ACECE974DBCD01711501286A414505809FD548A9E48F3C745C876"
"highlight_white_014.jpg","train","highlight_white","高光白色背景","highlight","white","mixed","highlight","overhead","0","2","77E25D9F1AA7130A925E327D338D067F3F6C9B71E2BAD5509C0789B5B990C539"
"highlight_white_015.jpg","train","highlight_white","高光白色背景","highlight","white","mixed","highlight","overhead","0","3","477935E0244BE1A742C833F876CCA7CEC4EE673619F8680551E8E0345CA5C82A"
"highlight_wood_001.jpg","train","highlight_wood","高光木质桌面","highlight","wood","mixed","highlight","overhead","0","3","E04E53952D82690DDD5E00D6E6A176A10CA6341522F9EE14E84AA9F4AE9BEE4B"
"highlight_wood_002.jpg","train","highlight_wood","高光木质桌面","highlight","wood","mixed","highlight","overhead","0","2","4F9124D1035D7B4EE2BBAEC7F9386D598F3C8F0A3629ADA80B0053A18DFF3F8D"
"highlight_wood_003.jpg","train","highlight_wood","高光木质桌面","highlight","wood","mixed","highlight","overhead","0","3","FD7CCDB492B712E637730B83B07C32535924FF181CC570DA72EF9D370C1FD335"
"highlight_wood_004.jpg","train","highlight_wood","高光木质桌面","highlight","wood","mixed","highlight","overhead","0","3","577DE134C38578EBA33BCD6BB5FA5D62A98F00163DB69F51FFED2762353AAB56"
"highlight_wood_005.jpg","train","highlight_wood","高光木质桌面","highlight","wood","mixed","highlight","overhead","0","3","CC9CBED18CB8EC1A7F07BF3AAD72A1A42372C88BF0E8D059D884563344FC0830"
"highlight_wood_006.jpg","train","highlight_wood","高光木质桌面","highlight","wood","mixed","highlight","overhead","0","2","2D939113CAFDA6E3FCBF1CC54C0615DB3784749C2D2836BBD8F73AD34D54C3D3"
"highlight_wood_007.jpg","train","highlight_wood","高光木质桌面","highlight","wood","mixed","highlight","overhead","0","2","D810DDBD1DAAB9AC24F3FDBC68AEDF6FB637DBC8F50219FF2FDE010C365C7E03"
"highlight_wood_011.jpg","train","highlight_wood","高光木质桌面","highlight","wood","mixed","highlight","overhead","0","3","263F836AAAAC6C274DC41D898D85D171327527A63B05BB009301C0BA4B153E93"
"highlight_wood_012.jpg","train","highlight_wood","高光木质桌面","highlight","wood","mixed","highlight","overhead","0","2","B97E26C37EBC1151A78DF7308288F1C56DDF08112224D56A4939BFA8F0C4DDF5"
"highlight_wood_013.jpg","train","highlight_wood","高光木质桌面","highlight","wood","mixed","highlight","overhead","0","1","115164E578E5791CEDD4BB8770AF6A9E0B6F6135276660B222C461B4870214A4"
"highlight_wood_014.jpg","train","highlight_wood","高光木质桌面","highlight","wood","mixed","highlight","overhead","0","3","6810DF19525A8986DDCA98C8157C6A2C0A7346BF437E84A48E925B89AE17B971"
"multi_gray_001.jpg","train","multi_gray","多球灰色地面","multi_ball","gray","mixed","normal","overhead","0","6","47E0A284E685A9E9AF7106789A5C35BFF114BC8570DE57E18BA4F7812F2B8913"
"multi_gray_002.jpg","train","multi_gray","多球灰色地面","multi_ball","gray","mixed","normal","overhead","0","6","BFE6D1CBDB1867FE45752FEC221A5AC08A236BF23F8CF794F064A9AA6714EC3D"
"multi_gray_006.jpg","train","multi_gray","多球灰色地面","multi_ball","gray","mixed","normal","overhead","0","6","C0E2CE951970E56C5A839845B7E056F44962FDEDEF217E2D83652CE682BC9419"
"multi_gray_007.jpg","train","multi_gray","多球灰色地面","multi_ball","gray","mixed","normal","overhead","0","6","4AA31044B3134F42FEE6E578B2D11323BD6266C82F7BEBF3F2607E59EDF0CE30"
"multi_gray_008.jpg","train","multi_gray","多球灰色地面","multi_ball","gray","mixed","normal","overhead","0","6","B5C0FAC1D941C0BD8BC5FAFF96C93608BA8856A0A2DBEE6AE3FCE8B2A024472F"
"multi_gray_009.jpg","train","multi_gray","多球灰色地面","multi_ball","gray","mixed","normal","overhead","0","6","F17A30F99938448BB8A62B989850F588CF8BC0CE6544CE163A01B254238DFC72"
"multi_gray_010.jpg","train","multi_gray","多球灰色地面","multi_ball","gray","mixed","normal","overhead","0","6","C0353E0C9112B88DC353A0BEF472EB6712CECDFB5C941DD9BB94FCB669A42900"
"multi_gray_011.jpg","train","multi_gray","多球灰色地面","multi_ball","gray","mixed","normal","overhead","0","6","2E0277570DAEAB53FFB6B04B6501884BD88761E704A38B3240819756D2492FDB"
"multi_gray_012.jpg","train","multi_gray","多球灰色地面","multi_ball","gray","mixed","normal","overhead","0","6","B43EA97EFC9E74F5821B1591E97112E8FD3D946D4807D0DE4756EDEF0EFE4AC7"
"multi_gray_013.jpg","train","multi_gray","多球灰色地面","multi_ball","gray","mixed","normal","overhead","0","6","BC84580FF47EA680D67CFD6E6F69D56FE44CA7E80933A8BB2A24108D05A30460"
"multi_gray_014.jpg","train","multi_gray","多球灰色地面","multi_ball","gray","mixed","normal","overhead","0","6","08892EDD9C25602EC3F7E668CE5A3C8511F047DD6B222CE6E9CF342E9455D7DD"
"multi_gray_015.jpg","train","multi_gray","多球灰色地面","multi_ball","gray","mixed","normal","overhead","0","6","9B45B579015115ECDE85B1A222B20B58C39A72A59B8E15B7EEABA7081DD05E55"
"multi_white_001.jpg","train","multi_white","多球白色背景","multi_ball","white","mixed","normal","overhead","0","6","CA78B0C7BD126262DD2576205618FD1D90A06797D41DE9DEE09C394EFAAC187E"
"multi_white_002.jpg","train","multi_white","多球白色背景","multi_ball","white","mixed","normal","overhead","0","6","FF998AF2058B67EFFD312434466C1A9575FA708B13D2B70AE420A87B9A7EAFB3"
"multi_white_003.jpg","train","multi_white","多球白色背景","multi_ball","white","mixed","normal","overhead","0","6","AF0C3312833775DF5672D0B54CB37B815621D2527E3A1BE4E67E6268F7A303C4"
"multi_white_004.jpg","train","multi_white","多球白色背景","multi_ball","white","mixed","normal","overhead","0","6","79A169118659CFE972AD2F2FA96792B01930ECBEC8314CB092C8F2098318C685"
"multi_white_005.jpg","train","multi_white","多球白色背景","multi_ball","white","mixed","normal","overhead","0","6","D9F322CF57EFABB3CF3A1ECC66DAC7059F7EDA7ED36D2AF618306086803C5D01"
"multi_white_006.jpg","train","multi_white","多球白色背景","multi_ball","white","mixed","normal","overhead","0","6","DD6401AA1D14E9B76A11E97C008A91A8B0BA1BC19E3905ABDEF2A01A7DD0B47C"
"multi_white_007.jpg","train","multi_white","多球白色背景","multi_ball","white","mixed","normal","overhead","0","6","35025E398C24AACC6C1091E4F04984AFEE51E343F5BA179B482FD6587E29084C"
"multi_white_011.jpg","train","multi_white","多球白色背景","multi_ball","white","mixed","normal","overhead","0","6","C33287150F8254DF13D1A6EE073F0CFF90C6D081E6ADD0C609DB2E90FE47BB0F"
"multi_white_012.jpg","train","multi_white","多球白色背景","multi_ball","white","mixed","normal","overhead","0","6","9E51B5ECDF8C253555F00B506673505B2F357D1537C4707C59459166D276D344"
"multi_white_013.jpg","train","multi_white","多球白色背景","multi_ball","white","mixed","normal","overhead","0","6","4B4AF5C0D902696310D443B3E96CA99CE20B5F0F440278CF5D13F6B2DEF677B5"
"multi_white_014.jpg","train","multi_white","多球白色背景","multi_ball","white","mixed","normal","overhead","0","6","E485016C57FE7B8BFA3D2D77F8183A60466D8D766814A826D01992B36B37F8E7"
"multi_white_015.jpg","train","multi_white","多球白色背景","multi_ball","white","mixed","normal","overhead","0","6","78B32118DC575887FDAC97CDC1293D064B5D0AC33BF6F7E7DF9DE5354FE4CA92"
"multi_wood_001.jpg","train","multi_wood","多球木质桌面","multi_ball","wood","mixed","normal","overhead","0","6","100FB4F3DFAF9FFC6C895911EFA8E489454464C93CD0866EA0CBAF8171D45402"
"multi_wood_004.jpg","train","multi_wood","多球木质桌面","multi_ball","wood","mixed","normal","overhead","0","6","66C96976F0AA7965187A4585B3D5769CC51DAB795FFD8DE612FD0B26FF826A96"
"multi_wood_005.jpg","train","multi_wood","多球木质桌面","multi_ball","wood","mixed","normal","overhead","0","6","C17A97B8B0540ADCFCA0DCC7AB977F7EE87C26E5985AA230F8113BF831F005AE"
"multi_wood_006.jpg","train","multi_wood","多球木质桌面","multi_ball","wood","mixed","normal","overhead","0","6","482527842D9B294BB3AAD9ECD633D901E6BD94E4FE57EC702EBEC7988A4369E1"
"multi_wood_007.jpg","train","multi_wood","多球木质桌面","multi_ball","wood","mixed","normal","overhead","0","6","B19A1BE64CFABC6EA901C8D7FCBA7E6113ACAB3FB39453877E89263B987E142A"
"multi_wood_008.jpg","train","multi_wood","多球木质桌面","multi_ball","wood","mixed","normal","overhead","0","6","84F0FF5BFCEFD1EB6B46939C717DCA187D35202B3A9567F8DE0C35F0B4E3ADBC"
"multi_wood_009.jpg","train","multi_wood","多球木质桌面","multi_ball","wood","mixed","normal","overhead","0","6","AE684E8431D742A0C37AB6F57A5A01AE41F64273BCA13201E4C4EB6371DD761B"
"multi_wood_010.jpg","train","multi_wood","多球木质桌面","multi_ball","wood","mixed","normal","overhead","0","6","8AD7BBBADC840DE65157DC116815F53333B3BB2777C3E12D3A08F6E0ED7F5913"
"negative_001.jpg","train","negative","负样本","negative","mixed","none","mixed","mixed","1","0","3B9D6758C4A33B3D3EDC794155F5A8400D2D6FB2DB14CCC4FBF64442ABEA4F0D"
"negative_002.jpg","train","negative","负样本","negative","mixed","none","mixed","mixed","1","0","9ADD72367B6090C734D9C479D60407F1FEFAD2901B4B2E072BFFE6C8D93EF859"
"negative_003.jpg","train","negative","负样本","negative","mixed","none","mixed","mixed","1","0","44A5B5EB002437EE203DF04E97818BAF87AD05D228A64397D2F79051A67D7D03"
"negative_004.jpg","train","negative","负样本","negative","mixed","none","mixed","mixed","1","0","C314597652CF367C801EDA89D778A177A73AA74BE601DEBCE287978EE413780B"
"negative_005.jpg","train","negative","负样本","negative","mixed","none","mixed","mixed","1","0","BCFA96FE08A49EEB5F782E1C767950A1280092541690354346AED9CBB25645B0"
"negative_006.jpg","train","negative","负样本","negative","mixed","none","mixed","mixed","1","0","12D0CB26F3A347159EDC5DC9680E4961B167B59515118FF9219CCB502101A347"
"negative_007.jpg","train","negative","负样本","negative","mixed","none","mixed","mixed","1","0","1B622753792C6ECD8775ABC859C70E4FE53B74F29349228556E0DFFFE670EF0C"
"negative_008.jpg","train","negative","负样本","negative","mixed","none","mixed","mixed","1","0","331E17461F936AC149F2F0F7B8D6BD2574B06CF860F9A36C2E5926C5E2676784"
"negative_009.jpg","train","negative","负样本","negative","mixed","none","mixed","mixed","1","0","38CF8C31B24FAE87D2FD701035FE9F82731AA163B33FEE15CE0DDE48093B46D9"
"negative_016.jpg","train","negative","负样本","negative","mixed","none","mixed","mixed","1","0","CAA0F1FCC5E2640E85CF2AB0020905E67445D2984BDDCBCC82EF584C101ACB6B"
"negative_017.jpg","train","negative","负样本","negative","mixed","none","mixed","mixed","1","0","58DB90501E17051FB0DFCF7C4261B68FEB60A17AE524C7175CC7579473F104FC"
"negative_018.jpg","train","negative","负样本","negative","mixed","none","mixed","mixed","1","0","AF87809B71D2549765C01068F0C1B41FD6FAC407DA0D73BEB9CDBC29CCAE30A1"
"negative_019.jpg","train","negative","负样本","negative","mixed","none","mixed","mixed","1","0","02AFE1970D86D57FE89314D48085CD18904731259EDDC23DA61F8786629313D5"
"negative_020.jpg","train","negative","负样本","negative","mixed","none","mixed","mixed","1","0","D6AAC536DC947F7D0A58DCD0BBCA7CBD78F20EE1D2513E9B66E3B178F6518D5A"
"negative_021.jpg","train","negative","负样本","negative","mixed","none","mixed","mixed","1","0","A3519E6529F4D149312EF4B501A169E2D97EC96635018DE6965008C4852E36CE"
"negative_022.jpg","train","negative","负样本","negative","mixed","none","mixed","mixed","1","0","7794DD6A9F926298AEE8B0A7E7167F8F64223D4A490A317CB9D06EE050C59991"
"negative_023.jpg","train","negative","负样本","negative","mixed","none","mixed","mixed","1","0","087BED9D0FE5A4D81D3E2A7214824495B247AE166186046E15F04412FAA10E45"
"negative_024.jpg","train","negative","负样本","negative","mixed","none","mixed","mixed","1","0","4C8DD1C5D1A189ACD785E9A32E8ADF397A9B854E67DBF0705DB03C3A5EE756D6"
"negative_025.jpg","train","negative","负样本","negative","mixed","none","mixed","mixed","1","0","6011B3ED2CCD15D7C494AAD8D457054ABA16E40CE0CD63480E9242E1B95FB24C"
"negative_026.jpg","train","negative","负样本","negative","mixed","none","mixed","mixed","1","0","8846FCF4C5CCD6B68CD810CA79C94762E56676BC3D28021089BC7392D6BC3833"
"negative_027.jpg","train","negative","负样本","negative","mixed","none","mixed","mixed","1","0","F09D2CD0C479CC3C939F9123B683FBF2178C980635C7F60B785430EF76145800"
"negative_028.jpg","train","negative","负样本","negative","mixed","none","mixed","mixed","1","0","ECB518E670EB8F686D701CFBB143A4BEB32D5973C7AF45DA2CDCBC02BEB44B86"
"normal_close_gray_001.jpg","train","normal_close_gray","简单近距离灰色地面","normal_close","gray","near","normal","overhead","0","2","BF1DA897E72DB2EF472DEEB69CF2607B15E6848CB5E76E3EA84F3AE1229979DB"
"normal_close_gray_002.jpg","train","normal_close_gray","简单近距离灰色地面","normal_close","gray","near","normal","overhead","0","3","D38C4C2A400459D5CD48FC6796490F26B2603727BDB15E07F587B698F8209137"
"normal_close_gray_005.jpg","train","normal_close_gray","简单近距离灰色地面","normal_close","gray","near","normal","overhead","0","1","38AE1BEC53956E4F6B3EDE5556B748EFDD2CDBE2DF683CFC24B92DB9C6A17AED"
"normal_close_gray_006.jpg","train","normal_close_gray","简单近距离灰色地面","normal_close","gray","near","normal","overhead","0","3","A22F80FF35892FD60D36FCBF628ED3D1CA471149550F0F3C683F94394FD0F7FB"
"normal_close_gray_007.jpg","train","normal_close_gray","简单近距离灰色地面","normal_close","gray","near","normal","overhead","0","3","6EDB8164959CF7922F05F4A6FA61E249F56768D5BD2E55E79BAEEBFB6FEEBACA"
"normal_close_gray_008.jpg","train","normal_close_gray","简单近距离灰色地面","normal_close","gray","near","normal","overhead","0","3","F9A6638223832A52B0FB0701CBE24ED9174E4B294C7A3975C6E7F5692CC40AAB"
"normal_close_gray_009.jpg","train","normal_close_gray","简单近距离灰色地面","normal_close","gray","near","normal","overhead","0","2","213D77627A02A34657ABCF96AAAE74E08E9E88DCA005EF17E416EC2857C8C9AB"
"normal_close_white_001.jpg","train","normal_close_white","简单近距离白色背景","normal_close","white","near","normal","overhead","0","3","A4C8844A94715BF51A5A30221DC73FCE186084FD47CB85B3535CB5E277D6A04C"
"normal_close_white_002.jpg","train","normal_close_white","简单近距离白色背景","normal_close","white","near","normal","overhead","0","1","30FE0FEC415837665567E3490C98057CA0ADDC42A9FFDAB4050DC1C5B2E42A71"
"normal_close_white_003.jpg","train","normal_close_white","简单近距离白色背景","normal_close","white","near","normal","overhead","0","2","68DCE04526EE6ED96CB0AD48829D5EDDDC125646221507219B76D48C02C8F6A5"
"normal_close_white_004.jpg","train","normal_close_white","简单近距离白色背景","normal_close","white","near","normal","overhead","0","2","DEC550A9B7B2F1881998F562E269C941A4B82DABF24B7CAE8A954BDF874AD643"
"normal_close_white_005.jpg","train","normal_close_white","简单近距离白色背景","normal_close","white","near","normal","overhead","0","3","40F01996FBB162EEE1BE41734043F291007730D081B7AD26A2D5C4FD41B5A441"
"normal_close_white_006.jpg","train","normal_close_white","简单近距离白色背景","normal_close","white","near","normal","overhead","0","3","19B786027A2C7B903A6C1A10ED986D7C9C091BC9DFDE3DBE9A4252C9C208D935"
"normal_close_white_007.jpg","train","normal_close_white","简单近距离白色背景","normal_close","white","near","normal","overhead","0","3","66D67F64499B0880A9FB554406FAB2BE9879BCE66782DE8D26460A3F612947BC"
"normal_close_white_008.jpg","train","normal_close_white","简单近距离白色背景","normal_close","white","near","normal","overhead","0","3","54BE1FE3525B3A287B9715748F244E2E5E4BE34E5CC68D0336355F6EB980C3F0"
"normal_close_white_009.jpg","train","normal_close_white","简单近距离白色背景","normal_close","white","near","normal","overhead","0","3","B2A495594B06453D76B7F57F01139807DCD2E0FA1B9267FB67107D3450415A4B"
"normal_close_white_010.jpg","train","normal_close_white","简单近距离白色背景","normal_close","white","near","normal","overhead","0","3","E3A7D0126D651FFB3A5B43DE93B48A0391B8A4F8D83C8E1687DFFC30C70F5644"
"normal_close_white_011.jpg","train","normal_close_white","简单近距离白色背景","normal_close","white","near","normal","overhead","0","3","13D7AC505081CA0AEEAFB1CAC664A4609AA4F63A7F6DA99FF13B66BE0AE7F35E"
"normal_close_white_012.jpg","train","normal_close_white","简单近距离白色背景","normal_close","white","near","normal","overhead","0","3","9C789E5EDE1ECED98E235379E0743F1C5337673DAB32AE1B1691C717A49FF3CF"
"normal_close_white_013.jpg","train","normal_close_white","简单近距离白色背景","normal_close","white","near","normal","overhead","0","2","4667B8B8EBF89BAE0095A07646E92EEA20FE582F6F90CF74E37C92667EF8F6AE"
"normal_close_white_014.jpg","train","normal_close_white","简单近距离白色背景","normal_close","white","near","normal","overhead","0","1","BFC039734DD041AA1A5C2A205091C1180BCA8B5529AD67A0D8B836AD61149675"
"normal_close_wood_001.jpg","train","normal_close_wood","简单近距离木制桌面","normal_close","wood","near","normal","overhead","0","3","1A9B792363CE2B9A51810C7E68EE1B23A96046D0FDA60F3A1EE674DD73EDFB09"
"normal_close_wood_002.jpg","train","normal_close_wood","简单近距离木制桌面","normal_close","wood","near","normal","overhead","0","2","C5838632A939B0B3F6D3F51FD1AACBFC2A0642588154E0133E785AAEFA4D18B7"
"normal_close_wood_003.jpg","train","normal_close_wood","简单近距离木制桌面","normal_close","wood","near","normal","overhead","0","1","2FC197783C6242AE9536BC113197012D04522E5D75E4A6643FA8423FA7C83B6B"
"normal_close_wood_004.jpg","train","normal_close_wood","简单近距离木制桌面","normal_close","wood","near","normal","overhead","0","2","8064EACC8B3BB62D6F97551E393723C6163649B4BF1A710C3AE41527C2BE7025"
"normal_close_wood_005.jpg","train","normal_close_wood","简单近距离木制桌面","normal_close","wood","near","normal","overhead","0","1","AC25DC0F751FC3433C5D9B85F96CF355B992A2DDD27DA9CBB6380BFB893C963D"
"normal_close_wood_006.jpg","train","normal_close_wood","简单近距离木制桌面","normal_close","wood","near","normal","overhead","0","2","9B723B3895EB8ABEC4D4E2BA65E4D33AB6492CFD1469AD5BE5AA24E805D0CB77"
"normal_close_wood_007.jpg","train","normal_close_wood","简单近距离木制桌面","normal_close","wood","near","normal","overhead","0","1","38EF8AC953DAE638DBF604826C78287AFC41C7E5419786E18E269D8267FB148F"
"normal_close_wood_008.jpg","train","normal_close_wood","简单近距离木制桌面","normal_close","wood","near","normal","overhead","0","2","05BAB6027B3C43F92776474EA9848F04D65A4D4E3DC9BDDCBADDBA5386E6B2CF"
"normal_close_wood_009.jpg","train","normal_close_wood","简单近距离木制桌面","normal_close","wood","near","normal","overhead","0","3","110367BDC587A4D1F8642E76D1F3E16EB4477BB94FE2607225D71EF247F806FD"
"normal_close_wood_010.jpg","train","normal_close_wood","简单近距离木制桌面","normal_close","wood","near","normal","overhead","0","2","82C8BA8E45EAFCDE78DA8F274CD71E17B597DAF5D3399A9AA95B482AA042BB4D"
"normal_close_wood_011.jpg","train","normal_close_wood","简单近距离木制桌面","normal_close","wood","near","normal","overhead","0","2","68138FD76CD09ACF2CD04E8E608E8683E6A439C705E40FD7B2D1EC416904C9D4"
"normal_close_wood_012.jpg","train","normal_close_wood","简单近距离木制桌面","normal_close","wood","near","normal","overhead","0","1","F344773DDF6AEA34EF3752A758B601EAE47F649DFB5A574E59E2FA41CDFDAE76"
"normal_close_wood_013.jpg","train","normal_close_wood","简单近距离木制桌面","normal_close","wood","near","normal","overhead","0","3","7C0BDE8EE4C138D1E752C2A1455CC35A59F0F95BA67BC449921CBFABBB0CB0C2"
"normal_close_wood_014.jpg","train","normal_close_wood","简单近距离木制桌面","normal_close","wood","near","normal","overhead","0","2","2446DBECBB078D1A5B8AD8C4474698D7348EE16B79E95601204F6720D3843628"
"angled_gray_002.jpg","val","angled_gray","斜拍灰色地面","angled","gray","mixed","normal","angled","0","3","0676BF474BAB749323B7B6154488C00F8B1D714D928E3DE43CAFFA48ED060896"
"angled_gray_003.jpg","val","angled_gray","斜拍灰色地面","angled","gray","mixed","normal","angled","0","3","858CBF201D8DA3B0D8B8837CA3864F7EC69E6869CFCF9D4E0BF1E92BABE0DF93"
"angled_gray_004.jpg","val","angled_gray","斜拍灰色地面","angled","gray","mixed","normal","angled","0","3","C043C33C49A8C48AB7C1B7206AC47003E77061920E9BEB944287C9344E18EB8B"
"angled_white_004.jpg","val","angled_white","斜拍白色背景","angled","white","mixed","normal","angled","0","1","E36C0AE1176C57418EA3A9EAFCD18DE3D89A5DF95AB6A137E79088307F1C9644"
"angled_white_005.jpg","val","angled_white","斜拍白色背景","angled","white","mixed","normal","angled","0","2","F6EA73473004EA33F265B50B29BC32C4DEA940FACAF2228AA9A9E64F0BF5DB51"
"angled_white_006.jpg","val","angled_white","斜拍白色背景","angled","white","mixed","normal","angled","0","2","23B64029B106D3D62C14688F48BB4397B54F2373F88FB7E84CA0974B83A50982"
"angled_white_007.jpg","val","angled_white","斜拍白色背景","angled","white","mixed","normal","angled","0","3","4A9BC619DE3A88A49F651BDECD6F5862DDB1F7C1CDB0E69FAE752B04585187BD"
"angled_white_008.jpg","val","angled_white","斜拍白色背景","angled","white","mixed","normal","angled","0","2","78740C968A30ED8C57E821C681005E539ABA2B86364E12AF8DF44E3B3BB38138"
"angled_wood_013.jpg","val","angled_wood","斜拍木质桌面","angled","wood","mixed","normal","angled","0","3","E389A05088ED897E13FE3BEDA6A75BD1CA25377DA613210677CC27B2746A7F2F"
"angled_wood_014.jpg","val","angled_wood","斜拍木质桌面","angled","wood","mixed","normal","angled","0","2","5D1854EE7C452D5E354AF4F04C4F2FFA83E16943EE9DF0BF1E8E2D1774475621"
"angled_wood_015.jpg","val","angled_wood","斜拍木质桌面","angled","wood","mixed","normal","angled","0","1","B7199D571F9CDFCE5FB451D46CE8861FEA6CB2CAA39BD7C1DB779A09F4BC94B2"
"angled_wood_016.jpg","val","angled_wood","斜拍木质桌面","angled","wood","mixed","normal","angled","0","2","33B35A2CEC24A08CFD4B75BF167B651363280DEE0225A5B4723A1B2CF1AF0507"
"complex_001.jpg","val","complex","复杂情况","complex","mixed","mixed","mixed","mixed","0","3","C55C70DB9BFB19B61AEA5A796C79A2A8B0DD7FE9C4147A316815647D56FBD6EF"
"complex_002.jpg","val","complex","复杂情况","complex","mixed","mixed","mixed","mixed","0","3","45AD3C73DF08630C771199811E4AB6A745DB660E4AFC55D8DE2C6C737B79A62F"
"complex_003.jpg","val","complex","复杂情况","complex","mixed","mixed","mixed","mixed","0","3","71761968FF6563D1F1B86F0B8326FDC59F3216FA30056C5957C4D5A0123C4689"
"complex_004.jpg","val","complex","复杂情况","complex","mixed","mixed","mixed","mixed","0","3","935B0ED7AB2E09D6A75252903E1C6EE7B76C567CC2A0466977AC21B402844492"
"far_gray_007.jpg","val","far_gray","远距离灰色地面","far","gray","far","normal","overhead","0","3","9FAF1C41365426B48624FFA0593EF3938011F37E72C465E003655993C7710D57"
"far_gray_008.jpg","val","far_gray","远距离灰色地面","far","gray","far","normal","overhead","0","2","C73853436A1EE7BE463D93930AFE3C506DF93DD4A140C2158EF1D0616A373394"
"far_gray_009.jpg","val","far_gray","远距离灰色地面","far","gray","far","normal","overhead","0","1","633A7B23E71B8927660043B2119F86435CDA2C04F8146BA930FD0BBEF787D273"
"far_gray_010.jpg","val","far_gray","远距离灰色地面","far","gray","far","normal","overhead","0","2","C87E03CE55B5EB22A2CBDD76BA400018880B2C5DE72A9997F64FF5F9FC9518DD"
"far_white_007.jpg","val","far_white","远距离白色背景","far","white","far","normal","overhead","0","3","EABB5B26DF5A50A3D316FB6FF9B77063ED35AA406C84228625B5670A66A77C61"
"far_white_008.jpg","val","far_white","远距离白色背景","far","white","far","normal","overhead","0","3","AFB949DD33849D787B9B87C02618DF23BB6C90B3A326F139AABA8EDE4B3C4474"
"far_white_009.jpg","val","far_white","远距离白色背景","far","white","far","normal","overhead","0","3","C2FB2B786F565E1E76773A8AA8531604C4EAA10E06B6B68B38D05ECF108D6A38"
"far_white_010.jpg","val","far_white","远距离白色背景","far","white","far","normal","overhead","0","3","D9C6167EA1C623E94CDF935DEC86AE14F4FC8A73142E87F3496416A0CB062DF0"
"far_wood_013.jpg","val","far_wood","远距离木质桌面","far","wood","far","normal","overhead","0","2","C948FBCEEA4A1C92A0A917A352D8168B44FEBE6585F3F0F7513FD423E9A36C12"
"far_wood_014.jpg","val","far_wood","远距离木质桌面","far","wood","far","normal","overhead","0","1","9B561E4DD77C2DA3F12A46F91B2BE993D58B6E1FC6076A1F1429C8A24632E7BC"
"far_wood_015.jpg","val","far_wood","远距离木质桌面","far","wood","far","normal","overhead","0","2","72B30554A0C210E7EB53DDE60FEA66C37794D5ACA6483EE5A72EF8F4F666D57C"
"far_wood_016.jpg","val","far_wood","远距离木质桌面","far","wood","far","normal","overhead","0","1","4740D8D0A1991E10C3EE2C94DBAEA7161E535F312A9EA3CCCB7B28E9BA977162"
"highlight_gray_007.jpg","val","highlight_gray","高光灰色地面","highlight","gray","mixed","highlight","overhead","0","3","AB069A8DBBD43C9E2E6060096082A20263EC6CB3B02BD7C0F4B046915E3D34AF"
"highlight_gray_008.jpg","val","highlight_gray","高光灰色地面","highlight","gray","mixed","highlight","overhead","0","2","03B72BE7BC2A8965F2FD29B38BB4AFA4078653ECEE0DDA6386AD5BBE8F32C480"
"highlight_gray_009.jpg","val","highlight_gray","高光灰色地面","highlight","gray","mixed","highlight","overhead","0","1","07D7571125F1F3FD11871AF6B35FD13D45C6CAB131D60FFC7DB945045451C078"
"highlight_white_008.jpg","val","highlight_white","高光白色背景","highlight","white","mixed","highlight","overhead","0","2","64E31C427DDE003E2C76A0C565CBD026CEC440FCB8A7E2746F3F878D80B9EBF2"
"highlight_white_009.jpg","val","highlight_white","高光白色背景","highlight","white","mixed","highlight","overhead","0","2","1643DF6A5620FF4744050E3E3E3FC645BB671A54FB6140AAF180D346EA6795C5"
"highlight_white_010.jpg","val","highlight_white","高光白色背景","highlight","white","mixed","highlight","overhead","0","1","A17FA481D66EACBDE3EE308980CBFC4D0C6A5D75EF74C3107BD514B45C95B899"
"highlight_wood_008.jpg","val","highlight_wood","高光木质桌面","highlight","wood","mixed","highlight","overhead","0","2","1DDEF21322A2E91421B97D51B5224AE12C40002D0718D9185E9CF0E7457F5C7E"
"highlight_wood_009.jpg","val","highlight_wood","高光木质桌面","highlight","wood","mixed","highlight","overhead","0","3","06A268E9F86B881F7BD3B44540680AA6ED5D9EABCC7331B1E22C918449136467"
"highlight_wood_010.jpg","val","highlight_wood","高光木质桌面","highlight","wood","mixed","highlight","overhead","0","2","8F3685AF87AAEE2513C82CF1877E4B6D1E35BE49A0F52D1626279CBC9FFEE0DC"
"multi_gray_003.jpg","val","multi_gray","多球灰色地面","multi_ball","gray","mixed","normal","overhead","0","6","1695A82115C98829E3CCF29B76BA717D689A343D67ED6E79C59C83AC0602D597"
"multi_gray_004.jpg","val","multi_gray","多球灰色地面","multi_ball","gray","mixed","normal","overhead","0","6","08B0F795829B3B030B8212D4DF036A8122A4DCC551FC46F4FC01A2060AB7223F"
"multi_gray_005.jpg","val","multi_gray","多球灰色地面","multi_ball","gray","mixed","normal","overhead","0","6","53923D62716ADE6609D156736FF0368EAF22D526CD2175A70B979323E7C80A72"
"multi_white_008.jpg","val","multi_white","多球白色背景","multi_ball","white","mixed","normal","overhead","0","6","AF05E807DDDD94DB032A61CC1C7D4E0584942BBE350C19B30E4291139009E156"
"multi_white_009.jpg","val","multi_white","多球白色背景","multi_ball","white","mixed","normal","overhead","0","6","B6B372D6FC7D014D00FBB24CC696384C3E26C103B45F5248ED899CA0B14516D5"
"multi_white_010.jpg","val","multi_white","多球白色背景","multi_ball","white","mixed","normal","overhead","0","6","07415E53EDE0E4320772124A1253CF612AFD6E08E86D7B4948C3801E74204EE6"
"multi_wood_002.jpg","val","multi_wood","多球木质桌面","multi_ball","wood","mixed","normal","overhead","0","6","C8C60BBB7C99A5CBBAA97FB6141F35DD27B5F19DDF502A16B8821C94202B8A37"
"multi_wood_003.jpg","val","multi_wood","多球木质桌面","multi_ball","wood","mixed","normal","overhead","0","6","4345CDF7E6F0573479D2DF7D3AAC279E9044BB28CB9E81844EBDF85CE973B064"
"negative_010.jpg","val","negative","负样本","negative","mixed","none","mixed","mixed","1","0","3041290D13241AD6D75600E897E6469B8D33F9BF4A8C717B77F4E098E6BA41BF"
"negative_011.jpg","val","negative","负样本","negative","mixed","none","mixed","mixed","1","0","D3BF917F910EAB640A999B84AF50B49755970603A10ED400B0C8D7E64B589269"
"negative_012.jpg","val","negative","负样本","negative","mixed","none","mixed","mixed","1","0","D0E064ED8CCA82A474DC2CB9769829A04EC80875EF3E72224474DDF7D47EC939"
"negative_013.jpg","val","negative","负样本","negative","mixed","none","mixed","mixed","1","0","C0B4A9C6AD9F5E097BB7C153758638E4A15C5F6D67D54EBCF304DFA27A9FA3D4"
"negative_014.jpg","val","negative","负样本","negative","mixed","none","mixed","mixed","1","0","D2B091025697ACE7697BE63121D44503D80C5DE936379783310751A8C5894705"
"negative_015.jpg","val","negative","负样本","negative","mixed","none","mixed","mixed","1","0","608C30ACE989A481AEA99573B50440A3DD2E8BABDA8049B19910CC7F7B58B6CA"
"normal_close_gray_003.jpg","val","normal_close_gray","简单近距离灰色地面","normal_close","gray","near","normal","overhead","0","3","A2B9BC3D8647D701F7613D6AA6BB8A11C785F9FA233D8F503702CF79684850D0"
"normal_close_gray_004.jpg","val","normal_close_gray","简单近距离灰色地面","normal_close","gray","near","normal","overhead","0","2","46FA45185DDA294C4B09F90A2391D21834A515CD7DE14F4BB535AA60F2E27DF0"
"normal_close_white_015.jpg","val","normal_close_white","简单近距离白色背景","normal_close","white","near","normal","overhead","0","3","183F07313273B580277B053587FBCA026B37B180E621BED25E45535E54394653"
"normal_close_white_016.jpg","val","normal_close_white","简单近距离白色背景","normal_close","white","near","normal","overhead","0","2","84A568047779A593AD23E6C748CA9D868761D1CFF4E88AFC7E2CB37C20311F24"
"normal_close_white_017.jpg","val","normal_close_white","简单近距离白色背景","normal_close","white","near","normal","overhead","0","1","630E6D9762858002E3D7D4609652EA86D867682FA179B1B3738DC775D8AFAC18"
"normal_close_wood_015.jpg","val","normal_close_wood","简单近距离木制桌面","normal_close","wood","near","normal","overhead","0","1","FE8A7B3B3EA31B3A09CA83216F0E71A5B46664720AA485D1F8D7A68A6BDB7202"
"normal_close_wood_016.jpg","val","normal_close_wood","简单近距离木制桌面","normal_close","wood","near","normal","overhead","0","3","C0DA50DCDE8181A38E14FE8AF36FB7CBFDF2A9CAD870A8E0D4CC62969FE8F0FF"
"normal_close_wood_017.jpg","val","normal_close_wood","简单近距离木制桌面","normal_close","wood","near","normal","overhead","0","3","E14B43794970B9FCFE9BA2BC2B11763FA7FE85CE278C142BA68ED4A7728AD115"
"supp_dark_background_001.jpg","train","supp_dark_background","钢球-黑色背景","dark_background","mixed","mixed","mixed","mixed","0","2","FA16F716568084CB99CC81D529E39247C182BF4FE6956188209C59F468ADD81B"
"supp_dark_background_002.jpg","train","supp_dark_background","钢球-黑色背景","dark_background","mixed","mixed","mixed","mixed","0","3","9AFB1BCD0A8DE87B6FA08B58A0F15B77754EC4ADAC54E1505EFCB98809120343"
"supp_dark_background_003.jpg","train","supp_dark_background","钢球-黑色背景","dark_background","mixed","mixed","mixed","mixed","0","2","58AEDE98FA8E82FC34500BDE26DBF339C220822EA2263238DFDB1054DE60FDB1"
"supp_dark_background_004.jpg","train","supp_dark_background","钢球-黑色背景","dark_background","mixed","mixed","mixed","mixed","0","1","21D537748E11030DE663D5CB85DE7463DF2D4C483E303C8086482D6135E48743"
"supp_dark_background_005.jpg","train","supp_dark_background","钢球-黑色背景","dark_background","mixed","mixed","mixed","mixed","0","3","8347010B5E3310B626BD6BC8DBB9DC9DAF69C212FACDF84267C0B8CCE953DDE0"
"supp_dark_background_006.jpg","train","supp_dark_background","钢球-黑色背景","dark_background","mixed","mixed","mixed","mixed","0","3","1665609DF78421E4D2474808C13CFFBB312CEDD206B9BD76D59CA9C22BD12160"
"supp_dark_background_007.jpg","train","supp_dark_background","钢球-黑色背景","dark_background","mixed","mixed","mixed","mixed","0","3","1704141C0A7EB8BF05768DFC7D596EBD0546193CB60CA4765860474FDCFB228E"
"supp_dark_background_008.jpg","train","supp_dark_background","钢球-黑色背景","dark_background","mixed","mixed","mixed","mixed","0","3","F15D021C3D1F37B21D4575B1FC8C34BE55E667B23995426179A8690BE514CBB5"
"supp_dark_background_009.jpg","train","supp_dark_background","钢球-黑色背景","dark_background","mixed","mixed","mixed","mixed","0","3","D0FD084E4FE4E7273015FC81CAD3CB28EA2346DEC158E6C4E08998684444FB58"
"supp_dark_background_010.jpg","train","supp_dark_background","钢球-黑色背景","dark_background","mixed","mixed","mixed","mixed","0","3","4FF3CEF74FB4A0C180B23BBE4D415A13BF003557FC2C46BA9AC51C0E22993657"
"supp_dark_background_011.jpg","train","supp_dark_background","钢球-黑色背景","dark_background","mixed","mixed","mixed","mixed","0","3","7705F2CDAF63A8B4426AA9B6A2CE11B92859B964BCF7F0E07BC47439A37AFF8A"
"supp_dark_background_012.jpg","train","supp_dark_background","钢球-黑色背景","dark_background","mixed","mixed","mixed","mixed","0","3","A7AD816E009570CD65EBA27469B0675B7D61D7B02FB3800C675C5F84E59A3FF7"
"supp_dark_background_013.jpg","train","supp_dark_background","钢球-黑色背景","dark_background","mixed","mixed","mixed","mixed","0","3","475D33C4215B7FE8A7A2A9DE89721A8FC42E1DD79F5474788494E5550C8D9EFD"
"supp_dark_background_014.jpg","train","supp_dark_background","钢球-黑色背景","dark_background","mixed","mixed","mixed","mixed","0","6","36C19A00279B49BFB6EE0763BBFE83395FA5ED80122DDE2BF56D2766C71DCBB7"
"supp_dark_background_015.jpg","train","supp_dark_background","钢球-黑色背景","dark_background","mixed","mixed","mixed","mixed","0","6","9B5C98B71581CC9F83718E2E2817D60A33F6D7632C4019F9057CAA860D9A9229"
"supp_dark_background_016.jpg","train","supp_dark_background","钢球-黑色背景","dark_background","mixed","mixed","mixed","mixed","0","6","5D8CBA11CB45112B442ADF424F8AA4736C42652DDDD800FF4EF72A648FAB8674"
"supp_dark_background_017.jpg","train","supp_dark_background","钢球-黑色背景","dark_background","mixed","mixed","mixed","mixed","0","6","9F329D69953021FEC98C7BAC6D8BF44CB565ABE9B770F21CF45E5CDF647BD578"
"supp_dark_background_018.jpg","train","supp_dark_background","钢球-黑色背景","dark_background","mixed","mixed","mixed","mixed","0","6","90CA6C1F9E6FF865764D887F0888B66D3404710A470584E13EFBD0132FB029EC"
"supp_dark_background_019.jpg","train","supp_dark_background","钢球-黑色背景","dark_background","mixed","mixed","mixed","mixed","0","5","1C96A02C937153E2598CE3707ED38EEAE95593A9C26A9C4328AC7060F05F74C0"
"supp_dark_background_020.jpg","train","supp_dark_background","钢球-黑色背景","dark_background","mixed","mixed","mixed","mixed","0","6","2A38E43EFA0B44527C5F68584F840B6E592211CB534180FB423D2FE4BCBF1676"
"supp_dark_background_021.jpg","train","supp_dark_background","钢球-黑色背景","dark_background","mixed","mixed","mixed","mixed","0","6","FCAD8F74993C81B1C8F58CD8C1D1BBF3E1DBEF8E28F3C6D9AF6556D3FFEE4D48"
"supp_dark_background_022.jpg","train","supp_dark_background","钢球-黑色背景","dark_background","mixed","mixed","mixed","mixed","0","6","7CBD2E53716558E5D42E2317B4FE1D647AA3DBD4B571EF9310B3B47450771583"
"supp_dark_background_023.jpg","train","supp_dark_background","钢球-黑色背景","dark_background","mixed","mixed","mixed","mixed","0","6","901A31AE4CE6D7D74E9721081A4A8E330625B48932A31F71C2CEF4B03EC973B0"
"supp_dark_background_024.jpg","train","supp_dark_background","钢球-黑色背景","dark_background","mixed","mixed","mixed","mixed","0","6","09A05135F4A5AACCD6FEA6FB4529C4A643BCB4AD2CA7295FA4EF5B6A412A4AE2"
"supp_dark_background_025.jpg","train","supp_dark_background","钢球-黑色背景","dark_background","mixed","mixed","mixed","mixed","0","5","2AFBDDFB29B560676AB801B1ABFA9FB036FB3B590837F190008EF1C0263717BE"
"supp_dark_background_026.jpg","train","supp_dark_background","钢球-黑色背景","dark_background","mixed","mixed","mixed","mixed","0","6","A9557BE98A2D9E979E38D71B98630F720955B4B2DBE15700A11B057A2D7CF116"
"supp_dark_background_027.jpg","train","supp_dark_background","钢球-黑色背景","dark_background","mixed","mixed","mixed","mixed","0","6","0EEA49917902106578E227AEB5AF03EB802C60535C065CC290380A4D576E25AA"
"supp_dark_background_028.jpg","train","supp_dark_background","钢球-黑色背景","dark_background","mixed","mixed","mixed","mixed","0","6","FF2521558FB2810EF9982D55D9AB04761ADD230D13E44CED6A2D083AC5B4EF65"
"supp_dark_background_029.jpg","train","supp_dark_background","钢球-黑色背景","dark_background","mixed","mixed","mixed","mixed","0","6","830A0C78E5FB4829EACBE291C4E01BC2078A0051DEE03D3616BC9AA2BDBC7FFA"
"supp_dark_background_030.jpg","train","supp_dark_background","钢球-黑色背景","dark_background","mixed","mixed","mixed","mixed","0","5","64330FB8F0A55F062B93B6F8562C6E7C31EE4CB498285C40FB114BB33C99943D"
"supp_dark_background_031.jpg","train","supp_dark_background","钢球-黑色背景","dark_background","mixed","mixed","mixed","mixed","0","5","BD0B2EC35BDD961779D0B42EAE7D580DF3F9973B575C447E9856EBE7DC20EA07"
"supp_dark_background_032.jpg","train","supp_dark_background","钢球-黑色背景","dark_background","mixed","mixed","mixed","mixed","0","6","9E61634D9364D2D8008C416D66C41061A6C6B3E4204FF09F02D1DC5DC82FC1BC"
"supp_far_001.jpg","train","supp_far","钢球-远距离","far_distance","mixed","far","mixed","mixed","0","1","FB38202F066B6481E93650F657439A45FBBC342F0E4178499052C50046D59510"
"supp_far_002.jpg","train","supp_far","钢球-远距离","far_distance","mixed","far","mixed","mixed","0","1","98E49AAB9AB40ADD04156538A88C394EF81D8FB729D35C322DA5BB54AB43EDA8"
"supp_far_003.jpg","train","supp_far","钢球-远距离","far_distance","mixed","far","mixed","mixed","0","2","2B4AF38080867059606272CDCC08E70290EF1F712726B90331385FF36DBFDBB3"
"supp_far_004.jpg","train","supp_far","钢球-远距离","far_distance","mixed","far","mixed","mixed","0","2","2DDC3D74D6F3B8EC0D56116C724DAC9E3B4D6E3DCCC24850C6536389CD39CABA"
"supp_far_005.jpg","train","supp_far","钢球-远距离","far_distance","mixed","far","mixed","mixed","0","3","F7AC1370FF6C11669CEB9BB1CBE85856369A4B62B8F5889143982C0C7A5F78EA"
"supp_far_006.jpg","train","supp_far","钢球-远距离","far_distance","mixed","far","mixed","mixed","0","2","927664B8740F80AEDFF9A5AADC67B0D2CBD1ADAB8043E930502726853F70989B"
"supp_far_007.jpg","train","supp_far","钢球-远距离","far_distance","mixed","far","mixed","mixed","0","3","ED45EA1CD95F454C361D16835EC328080F65BD9A404F1A5565C81A9115AEC14F"
"supp_far_008.jpg","train","supp_far","钢球-远距离","far_distance","mixed","far","mixed","mixed","0","6","455AFE228D2E0139C5892BB889F7219AAC5F2E3F692E87E4BB5ECB7DABDC6093"
"supp_far_009.jpg","train","supp_far","钢球-远距离","far_distance","mixed","far","mixed","mixed","0","6","15A9CAEB039B6EBFD159D6BE2442AC7CC9D85C19791155B5AC7459E9CDBA1347"
"supp_far_010.jpg","train","supp_far","钢球-远距离","far_distance","mixed","far","mixed","mixed","0","6","A031E68A7505616915230FBB452B5EE1A15A9590EC515A89E29FBDA8778886D0"
"supp_far_011.jpg","train","supp_far","钢球-远距离","far_distance","mixed","far","mixed","mixed","0","6","845E8D010DE6D4A7D5072FEC557E4BEC81FAD652ABBC882BCC79BE49E036FE40"
"supp_far_012.jpg","train","supp_far","钢球-远距离","far_distance","mixed","far","mixed","mixed","0","6","53693F86D8ED8EBF70393F72CFFD2882741DBD6BE6D72DB228B4FCF96F14DD03"
"supp_far_013.jpg","train","supp_far","钢球-远距离","far_distance","mixed","far","mixed","mixed","0","5","7072799C03D3722368F5D92D99D39D8B8E1E16DA29E6667BBA0A2FDF324EA92F"
"supp_far_014.jpg","train","supp_far","钢球-远距离","far_distance","mixed","far","mixed","mixed","0","6","54C4304DF21EF8DDF8D4C5EE61A3385B57ABA36375AA25419E7C71BB022184A3"
"supp_far_015.jpg","train","supp_far","钢球-远距离","far_distance","mixed","far","mixed","mixed","0","6","0E1E6FE14E47BBCA6BD74514B72BAFBA6D3BEB91A09255550F89B88CBE2972D9"
"supp_far_016.jpg","train","supp_far","钢球-远距离","far_distance","mixed","far","mixed","mixed","0","6","AD67DBDB0F7B0E57C409E5C9270BD585BC54F94146C8283DE6543F9A59F3185F"
"supp_far_017.jpg","train","supp_far","钢球-远距离","far_distance","mixed","far","mixed","mixed","0","6","79D08670B8DEB9CF251CF006DFB09F38C315D53D4A707615A2C885582625C457"
"supp_far_018.jpg","train","supp_far","钢球-远距离","far_distance","mixed","far","mixed","mixed","0","6","B9C90FC74CB71A36F8EBC70B573CA03696CC137D1F40CD5D8FD88B7C4D5D6801"
"supp_far_019.jpg","train","supp_far","钢球-远距离","far_distance","mixed","far","mixed","mixed","0","6","19EFF3DA28B883E6578DFCCF1A8A806C20880FB83E6F9D637A0C1182DA31B7C6"
"supp_far_020.jpg","train","supp_far","钢球-远距离","far_distance","mixed","far","mixed","mixed","0","6","454697B44B29B67BE0FC01D44BE1A60BC42D4B1F1E5F0CC1A2A63C90DFFB1518"
"supp_far_021.jpg","train","supp_far","钢球-远距离","far_distance","mixed","far","mixed","mixed","0","6","B10972E4E9B86D9DBDC1E041D45E4CE4252E3DAFA3969AE42B933912671AD514"
"supp_far_022.jpg","train","supp_far","钢球-远距离","far_distance","mixed","far","mixed","mixed","0","6","A8011E8F19C0BDFE93107A595CFD9A5182B147D73CCAF00845D6324A88586E97"
"supp_far_023.jpg","train","supp_far","钢球-远距离","far_distance","mixed","far","mixed","mixed","0","6","5604F76556B68A7C9BA91D13DC08A69D48858579B0E9F8C10F008116A40BDB6C"
"supp_far_024.jpg","train","supp_far","钢球-远距离","far_distance","mixed","far","mixed","mixed","0","6","147D243395E7FA6FEB2180277C21E35B18AB20951BD3570D5511DE137FDA5551"
"supp_highlight_001.jpg","train","supp_highlight","钢球-高光","highlight","mixed","mixed","highlight","mixed","0","3","7A4C11EB34E82828B6CAEA2975E1E6CD3F836459425283613777E80C5186C9D5"
"supp_highlight_002.jpg","train","supp_highlight","钢球-高光","highlight","mixed","mixed","highlight","mixed","0","2","8EF1AFC39711854C743A051E15EE8436A70CDD47D9E529BFF757E31272257E78"
"supp_highlight_003.jpg","train","supp_highlight","钢球-高光","highlight","mixed","mixed","highlight","mixed","0","1","87E9B72650139EDD46BD71FCB54E4E7CD3D70CBE39B5FEB020E0F3AA651052F9"
"supp_highlight_004.jpg","train","supp_highlight","钢球-高光","highlight","mixed","mixed","highlight","mixed","0","1","62A2F1D2EF7975D8E5029594A3AE8BDCB5EF6F2B9952B5B8F91250F7207AC0DA"
"supp_highlight_005.jpg","train","supp_highlight","钢球-高光","highlight","mixed","mixed","highlight","mixed","0","3","0EC4338824BEAFD9600971D4F845731D5D92EBF6B1FAE01D9B7F49DFB8181058"
"supp_highlight_006.jpg","train","supp_highlight","钢球-高光","highlight","mixed","mixed","highlight","mixed","0","3","3C671F928AB5AF242D3E663666B1804CD996780A765EF5D023DD8DDDC637ECAF"
"supp_highlight_007.jpg","train","supp_highlight","钢球-高光","highlight","mixed","mixed","highlight","mixed","0","3","8C2FE3E4F4E5C08AB733A0216188D87BC3630DAFFA815D8465B83BC2B6B731B6"
"supp_highlight_008.jpg","train","supp_highlight","钢球-高光","highlight","mixed","mixed","highlight","mixed","0","3","9294681B236B13863C0CC9B39EE0553E5956B5BDD18A11D4B3BA2BAA3C349FDF"
"supp_highlight_009.jpg","train","supp_highlight","钢球-高光","highlight","mixed","mixed","highlight","mixed","0","6","CD4B126F336458EE1B0A852F2809DC8AF147AB18D18A87B57766008A33674297"
"supp_highlight_010.jpg","train","supp_highlight","钢球-高光","highlight","mixed","mixed","highlight","mixed","0","6","C5B3D353F34D7CC900F604B758BBEEDA8C1E9DD4D6127C419EFB716E6E955FC6"
"supp_highlight_011.jpg","train","supp_highlight","钢球-高光","highlight","mixed","mixed","highlight","mixed","0","4","7D7EF0A769C7D1D872695329E382ABB3C4B5F0B82EA5009601955FCBECB4D267"
"supp_highlight_012.jpg","train","supp_highlight","钢球-高光","highlight","mixed","mixed","highlight","mixed","0","5","9C7DAD685E53A107BEE30FC364C727CB2D4B9E0C17B14C69C46150E5B19FDD7A"
"supp_highlight_013.jpg","train","supp_highlight","钢球-高光","highlight","mixed","mixed","highlight","mixed","0","5","46F5402698B14437AC4F5487E50D57D62851F3FD9D75EC495BB82BEF5B11B6DB"
"supp_highlight_014.jpg","train","supp_highlight","钢球-高光","highlight","mixed","mixed","highlight","mixed","0","5","1DE443132506DEF24C6320D3BA5CEEE9E42A1E5C969D2135BC9356E1E7AB7773"
"supp_highlight_015.jpg","train","supp_highlight","钢球-高光","highlight","mixed","mixed","highlight","mixed","0","5","2C65E7ADFA5972D57E3A37575827BF8C91F579D7FC53F2AE6FF4E2AA18F34D04"
"supp_highlight_016.jpg","train","supp_highlight","钢球-高光","highlight","mixed","mixed","highlight","mixed","0","5","B22CC6C39634E6E4D26593A43375F0D96E6890364CB6325002297ACC3DF47B48"
"supp_highlight_017.jpg","train","supp_highlight","钢球-高光","highlight","mixed","mixed","highlight","mixed","0","5","011527F136AD042631664CD0657F8BDF85322127F4002FDFD660684ED6E5F7FA"
"supp_highlight_018.jpg","train","supp_highlight","钢球-高光","highlight","mixed","mixed","highlight","mixed","0","5","BF7FEC07240F7C5C166C09A30DD702FAA5F25C10016C6B831AE26E72B21ACCA2"
"supp_highlight_019.jpg","train","supp_highlight","钢球-高光","highlight","mixed","mixed","highlight","mixed","0","5","D91E956D9C9BC2A1A5AC1A77533113B3DD0969E20CBEA1EC3A8547895ABF2452"
"supp_highlight_020.jpg","train","supp_highlight","钢球-高光","highlight","mixed","mixed","highlight","mixed","0","5","314BE037573B79563F52AB48A1267CA7407243EDBAE6955CE5DFE715B6A03DFF"
"supp_highlight_021.jpg","train","supp_highlight","钢球-高光","highlight","mixed","mixed","highlight","mixed","0","5","33B79F85003309DBEDEBFAF8543E9C0367347ACA1660BE683874B729FC1B3563"
"supp_highlight_022.jpg","train","supp_highlight","钢球-高光","highlight","mixed","mixed","highlight","mixed","0","5","AABE945E81DC45B4133841723B55864BF5F2B2D62891354E6F9BC653DE5AC2B4"
"supp_highlight_023.jpg","train","supp_highlight","钢球-高光","highlight","mixed","mixed","highlight","mixed","0","5","7AB295E9EB4BBAE7798A8831CAA745E20CB6254D0210946319ACD41F61D7C967"
"supp_highlight_024.jpg","train","supp_highlight","钢球-高光","highlight","mixed","mixed","highlight","mixed","0","5","E9593A3C6C0ED810127FDB5C825214BA3248F6AAEC687B615A291AC011CD586C"
"supp_highlight_025.jpg","train","supp_highlight","钢球-高光","highlight","mixed","mixed","highlight","mixed","0","5","264185BCDFEC48C4133106419D161ADBBE870D23B6B428B50A19587A96F892D4"
"supp_highlight_026.jpg","train","supp_highlight","钢球-高光","highlight","mixed","mixed","highlight","mixed","0","5","8F7C8D7A5A60D0ED6DDF21C0F34A7A39CE28BBC2383259BBD7B1123065D3932D"
"supp_highlight_027.jpg","train","supp_highlight","钢球-高光","highlight","mixed","mixed","highlight","mixed","0","5","6FD4BD087E30E3AA7E7527D88D32E48775FAD756217225821A93D8339F424A7B"
"supp_highlight_028.jpg","train","supp_highlight","钢球-高光","highlight","mixed","mixed","highlight","mixed","0","5","A6813636975AA192AC39CD03A9EE99F708C7C067AF547B5DD226CF2BB7407841"
"supp_highlight_029.jpg","train","supp_highlight","钢球-高光","highlight","mixed","mixed","highlight","mixed","0","5","EDB21F41BC787D281A3CE228D896F164F4EDCFA60BE70A58DCD40E38533EFB32"
"supp_highlight_030.jpg","train","supp_highlight","钢球-高光","highlight","mixed","mixed","highlight","mixed","0","5","1F1263D36BBA6E7680FE2DD43CD7A106C76CDD069366D43C03652457DBDEAB44"
"supp_negative_001.jpg","train","supp_negative","负样本","hard_negative","mixed","mixed","mixed","mixed","1","0","F2F81B945D2DD9EE17586A81A6966FAFE7A37BA025458B1815D5BFBAC13CA468"
"supp_negative_002.jpg","train","supp_negative","负样本","hard_negative","mixed","mixed","mixed","mixed","1","0","E9E4EC2A574501D7248C31A78243BF37573281966B948D67804A55F6561E5DB2"
"supp_negative_003.jpg","train","supp_negative","负样本","hard_negative","mixed","mixed","mixed","mixed","1","0","FC40D3EBC292D46A26443B469FFDF052FE8565BFAD0AD94BE29ADD184A5AC206"
"supp_negative_004.jpg","train","supp_negative","负样本","hard_negative","mixed","mixed","mixed","mixed","1","0","D1EF7B9DBBDB7B7E058C66286EC31878DF492298AA219C0248707158DF5C6BB8"
"supp_negative_005.jpg","train","supp_negative","负样本","hard_negative","mixed","mixed","mixed","mixed","1","0","104B0A066917B116E93929D8AF799DCBA4F32F38E17B4DCA3F4702471F36A2CB"
"supp_negative_006.jpg","train","supp_negative","负样本","hard_negative","mixed","mixed","mixed","mixed","1","0","7A0DBCAFDF8EF60F7D5BCF3DAEE6C62F2AE99984A6F2E86ED3F75A576EAD151A"
"supp_negative_007.jpg","train","supp_negative","负样本","hard_negative","mixed","mixed","mixed","mixed","1","0","8D720D748F2908E7FF273AB54726EDA521AABBDEECDCFCACF0F27815027B09B7"
"supp_negative_008.jpg","train","supp_negative","负样本","hard_negative","mixed","mixed","mixed","mixed","1","0","C59E8D590AE0E3B10472B66E2437C714611ACBE5FCDBCDE825E7AD7D675E75EF"
"supp_negative_009.jpg","train","supp_negative","负样本","hard_negative","mixed","mixed","mixed","mixed","1","0","E0138EB7B6C34C1F4B375EFD4674D28E5279732469D37049758579A0D069135E"
"supp_negative_010.jpg","train","supp_negative","负样本","hard_negative","mixed","mixed","mixed","mixed","1","0","43BDE7803D3DBEF1042EE6A8BFDC6DE56D16107F869235312BE0C9A0CE636C3A"
"supp_negative_011.jpg","train","supp_negative","负样本","hard_negative","mixed","mixed","mixed","mixed","1","0","7C1ADB1590367196294DF46B754D495CDF8CB473D5F1C9D1D3E3E5A5B241B208"
"supp_negative_012.jpg","train","supp_negative","负样本","hard_negative","mixed","mixed","mixed","mixed","1","0","251E4DA2B112F2FA687CB2878874047F68DA88F74C6EBE50504ABB8FDC949939"
"supp_negative_013.jpg","train","supp_negative","负样本","hard_negative","mixed","mixed","mixed","mixed","1","0","433530E9CC99C4AB5C87CBC21C5C7F32F317EC527061E7908DCADDF9D815FF0F"
"supp_negative_014.jpg","train","supp_negative","负样本","hard_negative","mixed","mixed","mixed","mixed","1","0","A7CA76BAAD07EDF2FC0014FAA93188F9853C8320D0B39A39D18F8E2D54947E57"
"supp_negative_015.jpg","train","supp_negative","负样本","hard_negative","mixed","mixed","mixed","mixed","1","0","CC332B60ABDC7FF5FDDFB99EBCAAC7B18CF61973F4A0ACA152CBCAC58AFDCE3A"
"supp_negative_016.jpg","train","supp_negative","负样本","hard_negative","mixed","mixed","mixed","mixed","1","0","5A5F3284D752A217D9C42D266229C01B2761769E5D6C7789EB0AA238649A9E83"
"supp_negative_017.jpg","train","supp_negative","负样本","hard_negative","mixed","mixed","mixed","mixed","1","0","D72B6CF4AFAF8A2FBDFCD8DBA2B875935FB00864B6EBA806A1E08D7FF2D3FAC2"
"supp_negative_018.jpg","train","supp_negative","负样本","hard_negative","mixed","mixed","mixed","mixed","1","0","C95D1499D1AB1A3ACC63078F165519DDC905891CA40C46D282B92A26F2015175"
"supp_negative_019.jpg","train","supp_negative","负样本","hard_negative","mixed","mixed","mixed","mixed","1","0","BA3499953F1C0B2A2484F33DB3D0E1371EF2C8E6D6774614313A8F9ECE8C0FE6"
"supp_negative_020.jpg","train","supp_negative","负样本","hard_negative","mixed","mixed","mixed","mixed","1","0","5650782FBDCA19C5E49E4451695BBE5A17B4F8F6F2448D3F408413F35E29126D"
"supp_negative_021.jpg","train","supp_negative","负样本","hard_negative","mixed","mixed","mixed","mixed","1","0","51BFFE4522791D0AC3E2D098154484D21E7C9457C221FC3FC81CDE703258B5F8"
"supp_negative_022.jpg","train","supp_negative","负样本","hard_negative","mixed","mixed","mixed","mixed","1","0","AF812920B739A3158D8451E0BE6398F64E93D1C3C1216D7ADF3F3457CA3C4BAB"
"supp_negative_023.jpg","train","supp_negative","负样本","hard_negative","mixed","mixed","mixed","mixed","1","0","55E181F5619130E1C2F3240409207CE5DC3003D176F12C955EC1BC505BB725AE"
"supp_negative_024.jpg","train","supp_negative","负样本","hard_negative","mixed","mixed","mixed","mixed","1","0","B8F7216BAC842968A5864CA00C0C4711A2670C69F6E656D9DA159C12C33106D6"
"supp_negative_025.jpg","train","supp_negative","负样本","hard_negative","mixed","mixed","mixed","mixed","1","0","0E41DADBFCDC507781F941BBDE52E7962B4714651F983D11E7D23ED72E9BB801"
"supp_negative_026.jpg","train","supp_negative","负样本","hard_negative","mixed","mixed","mixed","mixed","1","0","8EB36D72495BA3C83B4F8EFB7F3DA41BF886F66A849C57580C4F149ABE974B8C"
"supp_negative_027.jpg","train","supp_negative","负样本","hard_negative","mixed","mixed","mixed","mixed","1","0","19D0A6DDDEC733E14B178300AA4B51135AB0CA9D03E3EBD5D337D3B1BABBF9BC"
"supp_negative_028.jpg","train","supp_negative","负样本","hard_negative","mixed","mixed","mixed","mixed","1","0","46277F52EC7A0DB1709B7DAF26963401F7622F3E64E4178E969BBA45833A9F16"
"supp_negative_029.jpg","train","supp_negative","负样本","hard_negative","mixed","mixed","mixed","mixed","1","0","959FD8EE21B1E8BF380EBCFE7BC2A0A59902F82B54937FEBF0D595FD7E9EAC28"
"supp_negative_030.jpg","train","supp_negative","负样本","hard_negative","mixed","mixed","mixed","mixed","1","0","F451609395D7183DBD41601C8C9E2199B0096AC699D5256C0824BB74840636D7"
"supp_negative_031.jpg","train","supp_negative","负样本","hard_negative","mixed","mixed","mixed","mixed","1","0","3C46319F700C7C342A401837A89B557FB35700B56A921D35F45DAE6BB9240405"
"supp_negative_032.jpg","train","supp_negative","负样本","hard_negative","mixed","mixed","mixed","mixed","1","0","568E5894EDD4189C5CA4C6D04AF9D76E7FEA1A0F025F36EAAAD4FF4F19909AA1"
"supp_negative_033.jpg","train","supp_negative","负样本","hard_negative","mixed","mixed","mixed","mixed","1","0","83607474D299767A229E55226D7AF8EBAE7A84B99E2BAEA986329C3EA5CF5607"
"supp_negative_034.jpg","train","supp_negative","负样本","hard_negative","mixed","mixed","mixed","mixed","1","0","EF85B891340EE4C91E08D609647BC62F3540EDEFDEDFCA2A7624571DA9CC6570"
"supp_negative_035.jpg","train","supp_negative","负样本","hard_negative","mixed","mixed","mixed","mixed","1","0","759D3A669404C0EE26CC084C2F6462095F450837DF2A35F3236B73475CC2BF98"
"supp_negative_036.jpg","train","supp_negative","负样本","hard_negative","mixed","mixed","mixed","mixed","1","0","219A1C0648FB92A406846F4AB2C61C42C5A84154C38DD622A42B6C2A37C0F607"
"supp_negative_037.jpg","train","supp_negative","负样本","hard_negative","mixed","mixed","mixed","mixed","1","0","2F472E9B569EEA0E1DFD2EA589941344E8EB920FB88E71006812CD580FF88433"
"supp_negative_038.jpg","train","supp_negative","负样本","hard_negative","mixed","mixed","mixed","mixed","1","0","C10DE82B110171023C1653815142AC76B6BFFDAA7ACB3BBFC6BE948BF3F60B33"
"supp_negative_039.jpg","train","supp_negative","负样本","hard_negative","mixed","mixed","mixed","mixed","1","0","380EDDC2A139758EE4A520D88C7ABF5FA74B3E60F180DD5A73CF7DDE358B7F58"
"supp_negative_040.jpg","train","supp_negative","负样本","hard_negative","mixed","mixed","mixed","mixed","1","0","F4738FD86280E53815780499EF292C4DB4E57FFDF05FC8906074AB77AB23C638"
"supp_negative_041.jpg","train","supp_negative","负样本","hard_negative","mixed","mixed","mixed","mixed","1","0","BB4B3157E050AF045E22627A86EDF9AF206E3BFC31ECFD164EB36B9B8AF90C87"
"supp_negative_042.jpg","train","supp_negative","负样本","hard_negative","mixed","mixed","mixed","mixed","1","0","3F8F0452AEA6167B04B7E6CE5505BE10E9D3AE0E872BB1AD31A4AB1C92C6EAC7"
"supp_negative_043.jpg","train","supp_negative","新增困难负样本","hard_negative","mixed","mixed","mixed","mixed","1","0","3C8FAF38D065B29203F04486B34A749B72EF0941644C655AAFCC95BDBA74C6E4"
"supp_negative_044.jpg","train","supp_negative","新增困难负样本","hard_negative","mixed","mixed","mixed","mixed","1","0","7803ACF1290FF2A7DD50541AF1DED7D5DC1FB097CF3EDF7CB2CBAD935E3D241E"
"supp_negative_045.jpg","train","supp_negative","新增困难负样本","hard_negative","mixed","mixed","mixed","mixed","1","0","59BE079A8AA8A474DC9B22192B32B27BDE1B6C747EAADE15B160212FE9F1E123"
"supp_negative_046.jpg","train","supp_negative","新增困难负样本","hard_negative","mixed","mixed","mixed","mixed","1","0","62CBED697316ED637595718342762F469C9BEBD115727C3C1CB1A39FE77E3A8D"
"supp_wire_contact_001.jpg","train","supp_wire_contact","钢球-电线","wire_contact","mixed","mixed","mixed","mixed","0","3","F9C21F381827C4579806E346185219D4698BFCA28FC0F0FDB7A80CF61B4672CF"
"supp_wire_contact_002.jpg","train","supp_wire_contact","钢球-电线","wire_contact","mixed","mixed","mixed","mixed","0","3","CC35A745B290C407C275FDA0371FDC7FE8C4FA032A4708F36F300E87EC0080C2"
"supp_wire_contact_003.jpg","train","supp_wire_contact","钢球-电线","wire_contact","mixed","mixed","mixed","mixed","0","3","DA3AA16FB81D5ADD321E369694C0407345BBCD9CF5081A4D312D7F032FEF9D81"
"supp_wire_contact_004.jpg","train","supp_wire_contact","钢球-电线","wire_contact","mixed","mixed","mixed","mixed","0","2","ABB6F4C254BBF560226CE0CF2CB1C6A3A97FBEBB7AAD62753DB1E2E902E7F323"
"supp_wire_contact_005.jpg","train","supp_wire_contact","钢球-电线","wire_contact","mixed","mixed","mixed","mixed","0","3","86155C9B5C82C7597D239CE251F8902D103F57DDD324BBFCC6D86F454BB63891"
"supp_wire_contact_006.jpg","train","supp_wire_contact","钢球-电线","wire_contact","mixed","mixed","mixed","mixed","0","3","FDEAD198E4DC03BD7940C6C7EF7B37EC8306CF815AF3AF08A373459A101FC292"
"supp_wire_contact_007.jpg","train","supp_wire_contact","钢球-电线","wire_contact","mixed","mixed","mixed","mixed","0","3","69B6D5ADB86536D91C3A2EED8A6269D1F89AEA15C4C88EBE90B9D26E378E016C"
"supp_wire_contact_008.jpg","train","supp_wire_contact","钢球-电线","wire_contact","mixed","mixed","mixed","mixed","0","3","C3AE8B19909A5C5D642FB640CC99DB4CD854898F03396B64B4849AD62D835599"
"supp_wire_contact_009.jpg","train","supp_wire_contact","钢球-电线","wire_contact","mixed","mixed","mixed","mixed","0","3","FFDB1CFE9EF17D0FE09E2D1A65082F84A0842DA496344D688D63BDDB9F7DFE62"
"supp_wire_contact_010.jpg","train","supp_wire_contact","钢球-电线","wire_contact","mixed","mixed","mixed","mixed","0","3","9172BF231A3815D2B5D16D404F4B48F39D016252CDEEDC1E2C3E14255AC3F378"
"supp_wire_contact_011.jpg","train","supp_wire_contact","钢球-电线","wire_contact","mixed","mixed","mixed","mixed","0","3","C9DFFFA7260E7AAE7DB623DC5B0A2B8716C3D4E82C8FA949BF52DA1446CF6606"
"supp_wire_contact_012.jpg","train","supp_wire_contact","钢球-电线","wire_contact","mixed","mixed","mixed","mixed","0","3","BF47B5F152511F63D90245545F6E00494462100013B9479175BF0003D7550F1C"
"supp_wire_contact_013.jpg","train","supp_wire_contact","钢球-电线","wire_contact","mixed","mixed","mixed","mixed","0","3","701EEEBC9731C6CFA64C17F3074AEE9A38EE1E3DE5DC96E9D2323E3374A09698"
"supp_wire_contact_014.jpg","train","supp_wire_contact","钢球-电线","wire_contact","mixed","mixed","mixed","mixed","0","3","7D046ED6FB14F8BD461AC08DF70EA2E0F736FA9787B8D3D686205634D6EB6B23"
"supp_wire_contact_015.jpg","train","supp_wire_contact","钢球-电线","wire_contact","mixed","mixed","mixed","mixed","0","3","3AE14EE5EEB179ED7E37D54A954B07FBBBA2C8F5BB92A0BECDB50978EFD98C18"
"supp_wire_contact_016.jpg","train","supp_wire_contact","钢球-电线","wire_contact","mixed","mixed","mixed","mixed","0","3","8BC896C0C43A6E774A0A2E5B6EE5546BEDE647717F134E7725B30552A583BF11"
"supp_wire_contact_017.jpg","train","supp_wire_contact","钢球-电线","wire_contact","mixed","mixed","mixed","mixed","0","3","71B8EC74E984A6CE09B947F6D75D760CFABE3C8B0642066AF020A5E0B2B2E111"
"supp_wire_contact_018.jpg","train","supp_wire_contact","钢球-电线","wire_contact","mixed","mixed","mixed","mixed","0","3","0CFB9483B433410EA2AF9FA896C9D904252E4B623F7F850F8B84B7542BCAB5E2"
"supp_wire_contact_019.jpg","train","supp_wire_contact","钢球-电线","wire_contact","mixed","mixed","mixed","mixed","0","3","01B2DD311FD55B109B17E2A260C7245C88B125A094BBBF34DC81B3823D411931"
"supp_wire_contact_020.jpg","train","supp_wire_contact","钢球-电线","wire_contact","mixed","mixed","mixed","mixed","0","3","BF61DEF337FA812EF8FAD3D8628A36835EB48318C8537490D3303BD41A67CE47"
"supp_wire_contact_021.jpg","train","supp_wire_contact","钢球-电线","wire_contact","mixed","mixed","mixed","mixed","0","3","A4AEA5D71648AF74C96CE59F3F50BDA91407D22906544A79DD46B0900D07053A"
"supp_wire_contact_022.jpg","train","supp_wire_contact","钢球-电线","wire_contact","mixed","mixed","mixed","mixed","0","3","DB6D8D803C0F9EDC793F02D050F34ED0773E8C58F046FC415FCA02C5939566DE"
"supp_wire_contact_023.jpg","train","supp_wire_contact","钢球-电线","wire_contact","mixed","mixed","mixed","mixed","0","3","5AA7969FD2B14CBDFEEDF2FD383033D9A85EC68B5FBC2BB7595EE4F5FC5F093B"
"supp_wire_contact_024.jpg","train","supp_wire_contact","钢球-电线","wire_contact","mixed","mixed","mixed","mixed","0","3","ACA9FD84EC5EA3AD94385FC710AE3EBFCCD049DF057E9263A90BA3F4FBD7E4BA"
"supp_wire_contact_025.jpg","train","supp_wire_contact","钢球-电线","wire_contact","mixed","mixed","mixed","mixed","0","3","A9395CB2A03AC81D7A1748F6F9B97C56893963341D0FD1C273DFD9E78E2B09D1"
"supp_wire_contact_028.jpg","train","supp_wire_contact","钢球-电线","wire_contact","mixed","mixed","mixed","mixed","0","3","1803110A15C6072D69741B2C753D01D46937B65496B237E02FC32099E781275B"
